"report_id","doc_kind","period","period_type","published_at","title","category","url","filename","sha256","bytes","local_path"
"conference_undated_1","conference","","","2005-03-01","국내주요주주설명회 (2000.3.17)","프리젠테이션","https://corp.kt.com/data/attach/144/20010105145924.pdf","20010105145924.pdf","9c5962df80c72ef8167b856684f9b7b4543124d632d8b65d1bfe024c0e7f639d","2764800","raw/undated/20010105145924.pdf"
"conference_undated_10","conference","","","2005-03-01","국내매각 관련 프레젠테이션(2001.2.2, 증권거래소)","프리젠테이션","https://corp.kt.com/data/attach/144/20010402162935.pdf","20010402162935.pdf","aaa81c371509dc964c294264638894f7a33cc11b2fcd0935d9bf8b257a746ad1","6020626","raw/undated/20010402162935.pdf"
"conference_undated_11","conference","","","2005-03-01","2001년 상반기 기업설명회 (2001.8.22) 프레젠테이션","프리젠테이션","https://corp.kt.com/data/attach/144/20010823115151.pdf","20010823115151.pdf","0b1ea18004197a6b8026c16d8c443f84003e9067e3a5b273809c9f838714a85d","1199317","raw/undated/20010823115151.pdf"
"conference_undated_12","conference","","","2005-03-01","해외주주방문 (2001.11.24~12.8) 프레젠테이션","프리젠테이션","https://corp.kt.com/data/attach/144/20011211113833.pdf","20011211113833.pdf","6ddd26b088f947c85cbb3ed46e0e91bff1bca42a30697f9356062e7128105bc5","2796677","raw/undated/20011211113833.pdf"
"conference_undated_13","conference","","","2005-03-01","해외주주방문(2002.6.12~6.20)프레젠테이션","프리젠테이션","https://corp.kt.com/data/attach/144/20020615084548.pdf","20020615084548.pdf","252f83f5a751f1790bd920c1a1a02ca5b3f612652388815527640e270fa2b330","5455869","raw/undated/20020615084548.pdf"
"conference_undated_14","conference","","","2005-03-01","GS Asia Telco & MS CEO 컨퍼런스(9.5~9.6, 9.9~9.10)","프리젠테이션","https://corp.kt.com/data/attach/144/20020910100847.pdf","20020910100847.pdf","015bb1d59ae241e7cec2941ba2acfbd60f551a8c04220a9e9610ef69dc12c029","3071097","raw/undated/20020910100847.pdf"
"conference_undated_15","conference","","","2005-03-01","UBS Asia Pacific Tele & Tech - Seoul (2002.10.8)","프리젠테이션","https://corp.kt.com/data/attach/144/20021022095133.PDF","20021022095133.PDF","18c5f751acf66943f6fddc54b5cad505eaceefda9b7cb0798152e98946f19bf6","3239677","raw/undated/20021022095133.PDF"
"conference_undated_16","conference","","","2005-03-01","Non-Deal Roadshow - Europe (2002.10.9~10.18)","프리젠테이션","https://corp.kt.com/data/attach/144/20021022095458.PDF","20021022095458.PDF","0f540f98317cc7db671e47e5ac34dd95ee16cdfed0fd135c5fb5476484ad529d","366480","raw/undated/20021022095458.PDF"
"conference_undated_17","conference","","","2005-03-01","Morgan Stanley Asia-Pacific Summit Conference(2002.Oct)","프리젠테이션","https://corp.kt.com/data/attach/144/20021031153610.PDF","20021031153610.PDF","1f53ed5b89175ddab1f09b23e9adfd57b9703e0f0c37b2993961d015b390dffe","4400729","raw/undated/20021031153610.PDF"
"conference_undated_18","conference","","","2005-03-01","KSE conference (2002.Oct)","프리젠테이션","https://corp.kt.com/data/attach/144/20021111144518.PDF","20021111144518.PDF","13da12f1797cb4048df13c6883373c9a0b809554170e490d37dd6d7164b74934","4400736","raw/undated/20021111144518.PDF"
"conference_undated_19","conference","","","2005-03-01","삼성증권 conference (2002.Nov)","프리젠테이션","https://corp.kt.com/data/attach/144/20021120155632.pdf","20021120155632.pdf","fc357c1c1625064f293c9864949d503861be3681c15520a64364c899f7d8813d","561738","raw/undated/20021120155632.pdf"
"conference_undated_20","conference","","","2005-03-01","Lehman Brothers Conference (2002.Nov)","프리젠테이션","https://corp.kt.com/data/attach/144/20021120155737.pdf","20021120155737.pdf","bb45e42fb69f24e2e7885bdaf03f697771e7cd257cecfe564e71596af147fcad","609113","raw/undated/20021120155737.pdf"
"conference_undated_21","conference","","","2005-03-01","2003년 CEO Analyst 브리핑 (2003 Jan)","프리젠테이션","https://corp.kt.com/data/attach/144/20030121135234.pdf","20030121135234.pdf","d3cbac4db628dc7df6e53687793f07e95cc4dee5e9ddd76318494e47049fb345","541463","raw/undated/20030121135234.pdf"
"conference_undated_22","conference","","","2005-03-01","Non-Deal Roadshow - US (2003.2)","프리젠테이션","https://corp.kt.com/data/attach/144/20030210131130.pdf","20030210131130.pdf","477fc52e9dbc010de8294ae74d1c327c0b30a3e83c706b8ec23fc5013ce11cef","4561700","raw/undated/20030210131130.pdf"
"conference_undated_23","conference","","","2005-03-01","삼성증권 conference (2003.5)","프리젠테이션","https://corp.kt.com/data/attach/144/20030521152221.PDF","20030521152221.PDF","8bf764805f8b5180f0e8d6c94b48d6e80f8f61491cd0e1860e28dcf106dedcaa","4102540","raw/undated/20030521152221.PDF"
"conference_undated_24","conference","","","2005-03-01","KSE (2003.6)","프리젠테이션","https://corp.kt.com/data/attach/144/2_24_1.pdf","2_24_1.pdf","e4ddba3c40ba78e79298caa75d0ed2bf54b12f9dee5c66756c1994f33defbe73","4597520","raw/undated/2_24_1.pdf"
"conference_undated_25","conference","","","2005-03-01","KT-NDR (Hong Kong, Europe, US)","프리젠테이션","https://corp.kt.com/data/attach/144/2_25_1.pdf","2_25_1.pdf","951f98a3c34eaeb47843594e770452861aedbcaed2d8061dfdb5be5cf3d1002e","77892","raw/undated/2_25_1.pdf"
"conference_undated_27","conference","","","2005-03-01","UBS Global communications conference (2003년11월)","프리젠테이션","https://corp.kt.com/data/attach/144/2_27_1.pdf","2_27_1.pdf","71e1f8c6505322f5ee3e06ef2227f893d8727201c8335d9bfc0c3f9561265764","1139627","raw/undated/2_27_1.pdf"
"conference_undated_28","conference","","","2005-03-01","해외 주요 주주방문(2004.2)","프리젠테이션","https://corp.kt.com/data/attach/144/2_28_1.pdf","2_28_1.pdf","60fcc77fb822b34112bac8d401549185e7674139cca9a9369af6fe9786b0e1d8","235455","raw/undated/2_28_1.pdf"
"conference_undated_29","conference","","","2005-03-01","UBS Asia Pacific Tech & Telecom Summit 2004","프리젠테이션","https://corp.kt.com/data/attach/144/2_29_1.pdf","2_29_1.pdf","7cd855d53e560548571ec2bf526f5e5b9398fe86a1d930cbf6c4289785df8f17","12872056","raw/undated/2_29_1.pdf"
"conference_undated_3","conference","","","2005-03-01","국내 Analyst Briefing (2000.3.29) 프레젠테이션","프리젠테이션","https://corp.kt.com/data/attach/144/20010118124128.pdf","20010118124128.pdf","bf18c14b121bf7338b34a9bf2308c4e12d16ff75f97b4c8dd012feb7b69d53a8","2770538","raw/undated/20010118124128.pdf"
"conference_undated_30","conference","","","2005-03-01","Samsung Conference","프리젠테이션","https://corp.kt.com/data/attach/144/2_30_1.pdf","2_30_1.pdf","6e5e8fc1e2090de01d02deb55124be5ca6bff3143fd62bccfc5c18544b26236d","6459109","raw/undated/2_30_1.pdf"
"conference_undated_31","conference","","","2005-03-01","전경련 합동 IR, 미국중부소재 주주 방문(2004.6.7~2004.6.17)","프리젠테이션","https://corp.kt.com/data/attach/144/2_31_1.pdf","2_31_1.pdf","5e044bcf22421d341bacc8d5312f604ee4a19841933ad839cce0bb0e6d90a922","6459633","raw/undated/2_31_1.pdf"
"conference_undated_32","conference","","","2005-03-01","호주 주요주주 방문 (2004.7.11~2004.7.13)","프리젠테이션","https://corp.kt.com/data/attach/144/2_32_1.pdf","2_32_1.pdf","9f0fd2ec3d108cd8b660a33d4c24e11d30646fbbe045538f2e031622f84fd9e3","6551295","raw/undated/2_32_1.pdf"
"conference_undated_33","conference","","","2005-03-01","2004년 증권거래소 해외 기업 설명회(2004.9.2~9.9 ; 아시아,유럽,미주)","프리젠테이션","https://corp.kt.com/data/attach/144/2_33_1.pdf","2_33_1.pdf","32ec1413172fe9aa711d09f71aa81c29bd7f040a7e7c9d25631c45b507ed8b29","509830","raw/undated/2_33_1.pdf"
"conference_undated_34","conference","","","2005-03-01","CLSA Investors‘ Forum 2004","프리젠테이션","https://corp.kt.com/data/attach/144/2_34_1.pdf","2_34_1.pdf","ff43f32d14dbe5952e9b499fe2e66764828f8a6a605fcf829131666e9a658758","895482","raw/undated/2_34_1.pdf"
"conference_undated_35","conference","","","2005-03-01","UBS Korea Conference","프리젠테이션","https://corp.kt.com/data/attach/144/2_35_1.pdf","2_35_1.pdf","ec9bda32823344741dba6b7e9c994a13fca9dff9d3b2b79802a96934ee969824","5834077","raw/undated/2_35_1.pdf"
"conference_undated_4","conference","","","2005-03-01","Road Show (2000.4.20~4.29) 프레젠테이션","프리젠테이션","https://corp.kt.com/data/attach/144/20010118125010.pdf","20010118125010.pdf","a211858f609b5213c993e817bcf5de962343108e443a9b97ebe17430241379dd","2232437","raw/undated/20010118125010.pdf"
"conference_undated_5","conference","","","2005-03-01","증권거래소 공기업 합동IR 참여 (2000.5.19) 프레젠테이션","프리젠테이션","https://corp.kt.com/data/attach/144/20010118131705.pdf","20010118131705.pdf","8579e4377fb676b76af31ec4a75a028eaf124e5d3de95ddefc820b6c29bc44a7","2589609","raw/undated/20010118131705.pdf"
"conference_undated_6","conference","","","2005-03-01","2000년 상반기 실적 기업설명회(2000.8.17)프레젠테이션","프리젠테이션","https://corp.kt.com/data/attach/144/20010118132332.pdf","20010118132332.pdf","b301b7f5e86216cae81a6705659d43f21f27a3b489a582ff8d95334bac1a9dd4","2282512","raw/undated/20010118132332.pdf"
"conference_undated_7","conference","","","2005-03-01","UBS워버그 컨퍼런스 (2000.9.20) 프레젠테이션","프리젠테이션","https://corp.kt.com/data/attach/144/20010118132746.pdf","20010118132746.pdf","fe9a2d7e8ad52ec8f291f497f7c58b50a63b5227acb970c21c77edbc8ad36c18","1937676","raw/undated/20010118132746.pdf"
"conference_undated_8","conference","","","2005-03-01","Non-Deal Roadshow (2000.11.7~11.18) 프레젠테이션","프리젠테이션","https://corp.kt.com/data/attach/144/20010118132833.pdf","20010118132833.pdf","cdfa68683c7c2ad84c111a06db67ac7590e995b899a4d30644eec3ae007769f0","1934532","raw/undated/20010118132833.pdf"
"conference_undated_9","conference","","","2005-03-01","2000년 연도말 기업설명회(2000.12.14)프레젠테이션","프리젠테이션","https://corp.kt.com/data/attach/144/20010118132928.pdf","20010118132928.pdf","5e149014e4c8f1b8718312de339cf0936099bbf09ecdc663d8e0d05bf1de74f3","2110298","raw/undated/20010118132928.pdf"
"conference_undated_36","conference","","","2005-06-10","해외 주요 주주방문(2005.2)","프리젠테이션","https://corp.kt.com/data/attach/144/ndr.pdf","ndr.pdf","4a65510d7a79f639563a7cd179eff53f40d8a22e6db7749efd8006cd111092e5","1149342","raw/undated/ndr.pdf"
"conference_undated_38","conference","","","2005-06-10","Overseas NDR - US (2005.06)","프리젠테이션","https://corp.kt.com/data/attach/144/overseas.ppt","overseas.ppt","bbf81174d49f61f0352eabf7c37de91f56b0902c302e543fbc8c03cbca3acd7d","1360384","raw/undated/overseas.ppt"
"conference_undated_39","conference","","","2005-09-05","한•영 IT협력위원회","프리젠테이션","https://corp.kt.com/data/attach/144/Conference%20Presentation.ppt","Conference Presentation.ppt","f0cf7b617f1078a470655cee84ef4435bb524d4d91ca8d5775e1db0434e438b6","1794048","raw/undated/Conference Presentation.ppt"
"conference_undated_40","conference","","","2005-10-07","Lehman Brothers Korea Conference","프리젠테이션","https://corp.kt.com/data/attach/144/PT_Final2.ppt","PT_Final2.ppt","54a69bb11bec4fa33200fc5423de9a30e4e0c7a3d4b2b6d76f1baf687541908b","3138560","raw/undated/PT_Final2.ppt"
"conference_undated_41","conference","","","2005-11-14","모건스탠리 증권사 주최 CEO 컨퍼런스","프리젠테이션","https://corp.kt.com/data/attach/144/KT%20Investor%20Presentation.pdf","KT Investor Presentation.pdf","eca8d68949095fdb19400b1aae48b253a919fec21628a823c97685913232a226","5023943","raw/undated/KT Investor Presentation.pdf"
"conference_undated_42","conference","","","2006-02-09","2006 CEO 컨퍼런스","프리젠테이션","https://corp.kt.com/data/attach/144/KT_CEO_Conference_2006.pdf","KT_CEO_Conference_2006.pdf","f3b288c5a065894bb40c67e39ab37701749ea799d5885c5183491bd9ba0f4011","5349334","raw/undated/KT_CEO_Conference_2006.pdf"
"conference_undated_44","conference","","","2006-09-11","CLSA Investors‘ Forum 2006","프리젠테이션","https://corp.kt.com/data/attach/144/Presentation.ppt","Presentation.ppt","f048c36682e5e4cb950895f98ac71c6bd6b9b819f5e257ce72de90f6fdd9f4c9","3613184","raw/undated/Presentation.ppt"
"conference_undated_43","conference","","","2006-10-19","Lehman Brothers Conference (2006.5)","프리젠테이션","https://corp.kt.com/data/attach/144/KT%20Presentation.ppt","KT Presentation.ppt","765380c3808988c4decd9ecf450d391b1d94a1561b56cf91cab900a4b3e098b8","2259968","raw/undated/KT Presentation.ppt"
"conference_undated_45","conference","","","2006-11-13","Morgan Stanley Asia-Pacific Summit Conference","프리젠테이션","https://corp.kt.com/data/attach/144/Morgan%20Stanley%20Asia-Pacific%20Summit%20Conference.ppt","Morgan Stanley Asia-Pacific Summit Conference.ppt","011c2d2e5cc435484ce853ac387a1a97f8b3bd60428423ffb6a972d0dda4693a","4366848","raw/undated/Morgan Stanley Asia-Pacific Summit Conference.ppt"
"conference_undated_46","conference","","","2007-01-26","KT CEO Analysts Day","프리젠테이션","https://corp.kt.com/data/attach/144/CEO_Conference_PT_Final200701.pdf","CEO_Conference_PT_Final200701.pdf","8298dbfd33bff55edf5475d5ab293fc73220376ce969cef8d07fcf08cff05209","3960635","raw/undated/CEO_Conference_PT_Final200701.pdf"
"conference_undated_48","conference","","","2007-07-09","삼성, Lehman Brothers, Merrill Lynch, 현대증권, Korea IT IR 2007 컨퍼런스","프리젠테이션","https://corp.kt.com/data/attach/144/2007conference_KOR.pdf","2007conference_KOR.pdf","1cf4d704bc8adb1bbc8b563dcb259459d59e24915e02f60263a3b37218661281","10566106","raw/undated/2007conference_KOR.pdf"
"conference_undated_50","conference","","","2007-09-10","2007년 9월 CEO Conference","프리젠테이션","https://corp.kt.com/data/attach/144/2007_09_CEO_Conference.pdf","2007_09_CEO_Conference.pdf","3fd21186081c8ba5d0df894500013abfaf74446c91972828cf2909f0e28a2949","830180","raw/undated/2007_09_CEO_Conference.pdf"
"conference_undated_52","conference","","","2008-01-16","2008년 CEO Conference Day","프리젠테이션","https://corp.kt.com/data/attach/144/CEO_PT.pdf","CEO_PT.pdf","2c3f22a6fb3b7b391a53f8419cf18dbc8542127e2502de4c9ef57be53aa0115c","1469613","raw/undated/CEO_PT.pdf"
"conference_undated_54","conference","","","2009-01-21","2009년 CEO Conference Day","프리젠테이션","https://corp.kt.com/data/attach/144/KT-IR-PT.pdf","KT-IR-PT.pdf","ca6e834e349a216d6b649ff836a0a53e5726e198f680ad390333fff30ed4e530","648280","raw/undated/KT-IR-PT.pdf"
"conference_undated_56","conference","","","2009-06-11","2009년 6월 Merrill Lynch GEM 컨퍼런스","프리젠테이션","https://corp.kt.com/data/attach/144/2009%20June_Merrill%20Lynch%20GEM_conference.pdf","2009 June_Merrill Lynch GEM_conference.pdf","40c07649b76d4f7c0947212ba144678e5d6118156155e585907a4efa14e59931","4126354","raw/undated/2009 June_Merrill Lynch GEM_conference.pdf"
"factsheet_2001-11_301","factsheet","2001-11","month","2002-09-28","IR Fact sheet 2001.11월호","가입자 현황","https://corp.kt.com/data/attach/document/20020928170636.pdf","20020928170636.pdf","b7910292d09e4fcf3b041014f70e5741df04aaf2931bd3631c62f1955ecb7f4f","39654","raw/2001-11/20020928170636.pdf"
"factsheet_2001-12_302","factsheet","2001-12","month","2002-09-28","IR Fact sheet 2001.12월호","가입자 현황","https://corp.kt.com/data/attach/document/20020928172311.pdf","20020928172311.pdf","ba4540991483926cd8ae5c4d808950c80189dcf66334222982424add5dcace19","34816","raw/2001-12/20020928172311.pdf"
"factsheet_2002-01_303","factsheet","2002-01","month","2002-09-28","IR Fact sheet 2002.1월호","가입자 현황","https://corp.kt.com/data/attach/document/20020928170716.pdf","20020928170716.pdf","2dc4a8ba33be26fa4c37de25a7a2b0442450f09d39073598a29e2301687be77d","51335","raw/2002-01/20020928170716.pdf"
"factsheet_2002-03_305","factsheet","2002-03","month","2002-09-28","IR Fact sheet 2002.3월호","가입자 현황","https://corp.kt.com/data/attach/document/20020928172253.pdf","20020928172253.pdf","c54b3fc4c8fe2235a35dff85332c739fe49763879c47858887ad71daeaeb5c19","57262","raw/2002-03/20020928172253.pdf"
"factsheet_2002-04_306","factsheet","2002-04","month","2002-09-28","IR Fact sheet 2002.4월호","가입자 현황","https://corp.kt.com/data/attach/document/20020928170814.pdf","20020928170814.pdf","2207195fd7ccdbfa4e9bcefbce9ba3d027e1f873eb2cf203c6d2b0b4e080804c","40570","raw/2002-04/20020928170814.pdf"
"factsheet_2002-05_307","factsheet","2002-05","month","2002-09-28","IR Fact sheet 2002.5월호","가입자 현황","https://corp.kt.com/data/attach/document/20020928170826.pdf","20020928170826.pdf","1d8ae7d6a3cb18e03d0b9fbc434164ff1812adc9ea266aaab5fb48ac849112a4","24834","raw/2002-05/20020928170826.pdf"
"factsheet_2002-06_308","factsheet","2002-06","month","2002-09-28","IR Fact sheet 2002.6월호","가입자 현황","https://corp.kt.com/data/attach/document/20020928172240.pdf","20020928172240.pdf","e05fe6981eb6a184ec6f73e144a2cfbe7886cbf3d69a96b1ef266673cf9611b7","27648","raw/2002-06/20020928172240.pdf"
"factsheet_2002-07_309","factsheet","2002-07","month","2002-09-30","IR Fact sheet 2002.7월호","가입자 현황","https://corp.kt.com/data/attach/document/20020930154140.pdf","20020930154140.pdf","651a476a3b7c89424d6e720899cdbb04aee2ecf358616e6bd2c5ea504d3b4c7f","22528","raw/2002-07/20020930154140.pdf"
"factsheet_2002-08_310","factsheet","2002-08","month","2002-09-30","IR Fact sheet 2002.8월호","가입자 현황","https://corp.kt.com/data/attach/document/20020930154205.pdf","20020930154205.pdf","98fe7b8fe101316502288cdba5856021ff3d06c8299e8e011f9ec704390569b3","21504","raw/2002-08/20020930154205.pdf"
"factsheet_2002-09_311","factsheet","2002-09","month","2002-10-07","IR Fact sheet 2002.9월호","가입자 현황","https://corp.kt.com/data/attach/document/20021007184722.PDF","20021007184722.PDF","100493cfc8902a894ccac59e063d8ad7b3f21c0930676dc3d5145ed49a7b01d0","21395","raw/2002-09/20021007184722.PDF"
"factsheet_2002-10_312","factsheet","2002-10","month","2002-11-14","IR Fact sheet 2002.10월호","가입자 현황","https://corp.kt.com/data/attach/document/20021114114747.pdf","20021114114747.pdf","033d0b7810c35b45e9a9edb3b11a9c330e85ccacafdc26e0ea08946ea0885c68","52989","raw/2002-10/20021114114747.pdf"
"factsheet_2002-11_313","factsheet","2002-11","month","2002-12-12","IR Fact sheet 2002.11월호","가입자 현황","https://corp.kt.com/data/attach/document/20021213131430.xls","20021213131430.xls","5e09461d21c341fcc106c7d06856be5322f88aa4f1e33a9b1b141aa808d5d1d1","36864","raw/2002-11/20021213131430.xls"
"factsheet_2002-12_314","factsheet","2002-12","month","2003-01-14","IR Fact sheet 2002.12월호","가입자 현황","https://corp.kt.com/data/attach/document/20030115132921.xls","20030115132921.xls","c2d7adca120e1ce9ab29dc814e2176a23eaad8ffaf82fd8b8e0a333c2efaf333","44032","raw/2002-12/20030115132921.xls"
"factsheet_2003-01_315","factsheet","2003-01","month","2003-02-10","IR Fact sheet 2003.1월호","가입자 현황","https://corp.kt.com/data/attach/document/20030210153405.xls","20030210153405.xls","57c93a401a9b7d61366db6b34b7f8ac24e1a6cb52bd941e75f721affa6562f69","43008","raw/2003-01/20030210153405.xls"
"factsheet_2003-02_316","factsheet","2003-02","month","2003-03-10","IR Fact sheet 2003.2월호","가입자 현황","https://corp.kt.com/data/attach/document/20030311111216.xls","20030311111216.xls","ee4b4a7ca39d271e7998eefb53c581dcd504df2dacd60f7ffac8d64cc2bd0de7","45568","raw/2003-02/20030311111216.xls"
"factsheet_2003-03_317","factsheet","2003-03","month","2003-04-08","IR Fact sheet 2003.3월호","가입자 현황","https://corp.kt.com/data/attach/document/20030408112207.xls","20030408112207.xls","811fdba2e48da52e0a8bab0302a368f6b689d0fa6707382b48a51ac3b9cb238f","65536","raw/2003-03/20030408112207.xls"
"factsheet_2003-04_318","factsheet","2003-04","month","2003-05-15","IR Fact sheet 2003.4월호","가입자 현황","https://corp.kt.com/data/attach/document/20030515174742.xls","20030515174742.xls","053744b9a88e08f8cc26222d74810224aabd656f0fb90ee219c3b931b0c8a35c","46080","raw/2003-04/20030515174742.xls"
"factsheet_2003-05_319","factsheet","2003-05","month","2003-06-05","IR Fact sheet 2003.5월호","가입자 현황","https://corp.kt.com/data/attach/document/20030605172017.xls","20030605172017.xls","1ee71a0673865dd270fb9f78ae092e53a7ee160925bb9b717dad8b836b02088a","46080","raw/2003-05/20030605172017.xls"
"factsheet_2003-06_320","factsheet","2003-06","month","2003-07-07","IR Fact sheet 2003.6월호","가입자 현황","https://corp.kt.com/data/attach/document/3_20_1.xls","3_20_1.xls","7abed0f34f836398ee4085d3471d176eb12a25a763cf6f25702e79a1e74de45c","47104","raw/2003-06/3_20_1.xls"
"factsheet_2003-07_321","factsheet","2003-07","month","2003-08-14","IR Fact sheet 2003.7월호","가입자 현황","https://corp.kt.com/data/attach/document/3_21_1.xls","3_21_1.xls","f4fc0067e3d4133f428407860657b285c1e7214b7e4f78c1c87a00a816f51fa8","47616","raw/2003-07/3_21_1.xls"
"factsheet_2003-08_322","factsheet","2003-08","month","2003-09-24","IR Fact sheet 2003.8월호","가입자 현황","https://corp.kt.com/data/attach/document/3_22_1.xls","3_22_1.xls","fd6d449ccbde2d7d00d562f266549115798117110f318327fc8a53e14e73c7d7","47104","raw/2003-08/3_22_1.xls"
"factsheet_2003-09_323","factsheet","2003-09","month","2003-10-06","IR Fact sheet 2003.9월호","가입자 현황","https://corp.kt.com/data/attach/document/3_23_1.xls","3_23_1.xls","08522bc6ac4c04a3a5cefd65bfec78ab29cf4f86009ce937922fd0a754780615","564224","raw/2003-09/3_23_1.xls"
"factsheet_2003-10_324","factsheet","2003-10","month","2003-11-11","IR Fact sheet 2003.10월호","가입자 현황","https://corp.kt.com/data/attach/document/3_24_1.xls","3_24_1.xls","60397505270116f14eeb1b9c13d1cce3e21a6818612d7a3b09f2008668f056df","473600","raw/2003-10/3_24_1.xls"
"factsheet_2003-11_325","factsheet","2003-11","month","2003-12-09","IR Fact sheet 2003.11월호","가입자 현황","https://corp.kt.com/data/attach/document/3_25_1.xls","3_25_1.xls","8db5501b5072f998cdae1a159b56e0a987e2cf1ca39d4a0686201ff0afe1adb2","559616","raw/2003-11/3_25_1.xls"
"factsheet_2003-12_326","factsheet","2003-12","month","2004-01-12","IR Fact sheet 2003.12월호","가입자 현황","https://corp.kt.com/data/attach/document/3_26_1.xls","3_26_1.xls","047a832aa054418b7b7128ae8fc415308bef3cafeea5c4c7c37345170a302101","117760","raw/2003-12/3_26_1.xls"
"factsheet_2004-01_327","factsheet","2004-01","month","2004-02-12","IR Fact sheet 2004.1월호","가입자 현황","https://corp.kt.com/data/attach/document/3_27_1.xls","3_27_1.xls","88ce7087c426ffc33af87f14c4ca40aafee1618ac7cc8fe8b72cbbb3dbde67ac","183808","raw/2004-01/3_27_1.xls"
"factsheet_2004-02_328","factsheet","2004-02","month","2004-04-09","IR Fact sheet 2004.2월호","가입자 현황","https://corp.kt.com/data/attach/document/3_28_1.xls","3_28_1.xls","982bedd5fd1545970640fcc481cf0e605d531c388d82cbdffd0bc9df766ffec1","51712","raw/2004-02/3_28_1.xls"
"factsheet_2004-03_329","factsheet","2004-03","month","2004-04-09","IR Fact sheet 2004.3월호","가입자 현황","https://corp.kt.com/data/attach/document/3_29_1.xls","3_29_1.xls","9334bad2afcf6d0b030a89f58666e7a42241191581107eec26016e0befba071b","51712","raw/2004-03/3_29_1.xls"
"factsheet_2004-04_330","factsheet","2004-04","month","2004-05-10","IR Fact sheet 2004.4월호","가입자 현황","https://corp.kt.com/data/attach/document/3_30_1.xls","3_30_1.xls","a80b48f52df2a4d86d85284ab80eaa19194255a68bcd85bb713e79298f1738ca","192000","raw/2004-04/3_30_1.xls"
"factsheet_2004-05_331","factsheet","2004-05","month","2004-06-10","IR Fact sheet 2004.5월호","가입자 현황","https://corp.kt.com/data/attach/document/3_31_1.xls","3_31_1.xls","18b2df6f47cf58f8c4835581fc17bb08252a02cd938be12597def08ef0410021","53760","raw/2004-05/3_31_1.xls"
"factsheet_2004-06_332","factsheet","2004-06","month","2004-07-09","IR Fact sheet 2004.6월호","가입자 현황","https://corp.kt.com/data/attach/document/3_32_1.xls","3_32_1.xls","77bec529f24e52a59805d92b7c0a1a099b8690a1fbf9a4cc9797e9c5ba8b6819","53760","raw/2004-06/3_32_1.xls"
"factsheet_2004-07_333","factsheet","2004-07","month","2004-08-10","IR Fact sheet 2004.7월호","가입자 현황","https://corp.kt.com/data/attach/document/3_33_1.xls","3_33_1.xls","a911a15adb78fb8709f46365fa4620dec2fc1f333faf9c5587ff66d98ee77b04","53248","raw/2004-07/3_33_1.xls"
"factsheet_2004-08_334","factsheet","2004-08","month","2004-09-10","IR Fact sheet 2004.8월호","가입자 현황","https://corp.kt.com/data/attach/document/3_34_1.xls","3_34_1.xls","73a2e82e36c60036fcb8d7e1d6ec42ff1192d0543c3c67a7ad704e9e5553493a","54272","raw/2004-08/3_34_1.xls"
"factsheet_2004-09_335","factsheet","2004-09","month","2004-10-08","IR Fact sheet 2004.9월호","가입자 현황","https://corp.kt.com/data/attach/document/3_35_1.xls","3_35_1.xls","a63aca85c01dac33fff7e73a9327390dbdebe9ca0ec9ac10746175ec42b97de4","53760","raw/2004-09/3_35_1.xls"
"factsheet_2004-10_336","factsheet","2004-10","month","2004-11-10","IR Fact sheet 2004.10월호","가입자 현황","https://corp.kt.com/data/attach/document/3_36_1.xls","3_36_1.xls","9fa72ff48a8fe611fb9d2d7b57ab63dbf02d0638d73199bf7b63fe9ebf967c75","98304","raw/2004-10/3_36_1.xls"
"factsheet_2004-11_337","factsheet","2004-11","month","2004-12-15","IR Fact sheet 2004.11월호","가입자 현황","https://corp.kt.com/data/attach/document/3_37_1.xls","3_37_1.xls","d024f9d4a08650ecb4c50853347c784fc39ee0f381a3ddd8bc8140d57a956231","56832","raw/2004-11/3_37_1.xls"
"factsheet_2004-12_338","factsheet","2004-12","month","2005-01-10","IR Fact sheet 2004.12월호","가입자 현황","https://corp.kt.com/data/attach/document/3_38_1.xls","3_38_1.xls","52855dcdbb1b3f2c9730171af75b8f986f1cb4558dc5912199aed9b82ae95fed","57856","raw/2004-12/3_38_1.xls"
"factsheet_2005-01_339","factsheet","2005-01","month","2005-02-15","IR Fact sheet 2005.1월호","가입자 현황","https://corp.kt.com/data/attach/document/3_39_1.xls","3_39_1.xls","41d8dd781643f7c769eaeaedc6e7ff8d4bbb8b89e1f875e8a10ae6afefa6fdc7","70656","raw/2005-01/3_39_1.xls"
"factsheet_2005-02_340","factsheet","2005-02","month","2005-03-10","IR Fact sheet 2005.2월호","가입자 현황","https://corp.kt.com/data/attach/document/3_40_1.xls","3_40_1.xls","1c65059ce88cfdd9eb4d4e720dcb9b7c5a32aeef5d42134d030166ac4d7d842c","80384","raw/2005-02/3_40_1.xls"
"factsheet_2005-03_341","factsheet","2005-03","month","2005-04-11","IR Fact sheet 2005.3월호","가입자 현황","https://corp.kt.com/data/attach/document/3_41_1.xls","3_41_1.xls","3dd58b7317e2be147f34594f9aa6d8e36c72875f26d217595fc5b1234d46cf05","78848","raw/2005-03/3_41_1.xls"
"factsheet_2005-04_342","factsheet","2005-04","month","2005-05-10","IR Fact sheet 2005.4월호","가입자 현황","https://corp.kt.com/data/attach/document/3_42_1.xls","3_42_1.xls","f7ad5cc24ed185134947946e0afd868007e73071f37fcb8243e7d56ba7aaac38","79360","raw/2005-04/3_42_1.xls"
"factsheet_2005-05_343","factsheet","2005-05","month","2005-06-10","IR Fact sheet 2005.5월호","가입자 현황","https://corp.kt.com/data/attach/document/3_43_1.xls","3_43_1.xls","fedbf8f0c61ce65c9fcdbcbb7144946881f9f47692688defa2ffb72f71e7e5a7","78848","raw/2005-05/3_43_1.xls"
"factsheet_2005-06_344","factsheet","2005-06","month","2005-07-11","IR Fact sheet 2005.6월호","가입자 현황","https://corp.kt.com/data/attach/document/3_44_1.xls","3_44_1.xls","977dce097ea2dbad979b23fa40ab13db7f83d8a0e3c43207e5d330903925d6a4","65024","raw/2005-06/3_44_1.xls"
"factsheet_2005-07_345","factsheet","2005-07","month","2005-08-11","IR Fact sheet 2005.7월호","가입자 현황","https://corp.kt.com/data/attach/document/3_45_1.xls","3_45_1.xls","96c990be55ded7b17e9a49d86654e9e5b95729b1c4c66d1ca5c52eddc810425a","65536","raw/2005-07/3_45_1.xls"
"factsheet_2005-08_346","factsheet","2005-08","month","2005-09-13","IR Fact sheet 2005.8월호","가입자 현황","https://corp.kt.com/data/attach/document/3_46_1.xls","3_46_1.xls","984fd02fdea896ad37e6148e1470a56caae581686fac84fb7eb6fd43f2f98df2","64000","raw/2005-08/3_46_1.xls"
"factsheet_2005-09_347","factsheet","2005-09","month","2005-10-10","IR Fact sheet 2005.9월호","가입자 현황","https://corp.kt.com/data/attach/document/3_47_1.xls","3_47_1.xls","4c68d710fc919f42ea8761489502ce72201141453ae02446895dcd7875e0a139","53248","raw/2005-09/3_47_1.xls"
"factsheet_2005-10_348","factsheet","2005-10","month","2005-11-11","IR Fact sheet 2005.10월호","가입자 현황","https://corp.kt.com/data/attach/document/3_48_1.xls","3_48_1.xls","d4e6130ef585a25664774c9c9904bb3ea67f13e0bb8eeef4c82c12e6e31e83ca","65024","raw/2005-10/3_48_1.xls"
"factsheet_2005-11_349","factsheet","2005-11","month","2005-12-13","IR Fact sheet 2005.11월호","가입자 현황","https://corp.kt.com/data/attach/document/3_49_1.xls","3_49_1.xls","ed212e4a62d5e7f3bc1fc6285e0d3e4e5e0e00b6ac3a305b0a2afe5487cdd06a","64512","raw/2005-11/3_49_1.xls"
"factsheet_2005-12_350","factsheet","2005-12","month","2006-01-13","IR Fact sheet 2005.12월호","가입자 현황","https://corp.kt.com/data/attach/document/3_50_1.xls","3_50_1.xls","f310c3a0bc964bdb1f307c82bbf931a8f97e3946fcdfba96c9e3546248ef0498","94208","raw/2005-12/3_50_1.xls"
"factsheet_2006-01_351","factsheet","2006-01","month","2006-02-10","IR Fact sheet 2006.1월호","가입자 현황","https://corp.kt.com/data/attach/document/3_51_1.xls","3_51_1.xls","0be5cf7dc36534d79a9abc28044fb95a072370a46e64f0ae7ce82e9780940861","94720","raw/2006-01/3_51_1.xls"
"factsheet_2006-02_352","factsheet","2006-02","month","2006-03-15","IR Fact sheet 2006.2월호","가입자 현황","https://corp.kt.com/data/attach/document/3_52_1.xls","3_52_1.xls","d5d66a5d4b35247ed21d861a0dfaaa54d7ee5f6c8145d8de74c80304e3abfc5b","68608","raw/2006-02/3_52_1.xls"
"factsheet_2006-03_353","factsheet","2006-03","month","2006-04-11","IR Fact sheet 2006.3월호","가입자 현황","https://corp.kt.com/data/attach/document/3_53_1.xls","3_53_1.xls","9f9b446beeb3ff4d44c7cacdcb225ab33a116c70b751134afed1bfb131cd6071","70144","raw/2006-03/3_53_1.xls"
"factsheet_2006-04_354","factsheet","2006-04","month","2006-05-11","IR Fact sheet 2006.4월호","가입자 현황","https://corp.kt.com/data/attach/document/3_54_1.xls","3_54_1.xls","c20121b0c2b8e4068f66e592ef53c6fdafc583eb359af7890456c0556122c140","70656","raw/2006-04/3_54_1.xls"
"factsheet_2006-05_355","factsheet","2006-05","month","2006-06-12","IR Fact sheet 2006.5월호","가입자 현황","https://corp.kt.com/data/attach/document/3_55_1.xls","3_55_1.xls","f829b6c8be0ae68820917203d54bac7c45f0284dfa20ff6b5d3fbef9518b85bd","107008","raw/2006-05/3_55_1.xls"
"factsheet_2006-06_356","factsheet","2006-06","month","2006-07-11","IR Fact sheet 2006.6월호","가입자 현황","https://corp.kt.com/data/attach/document/3_56_1.xls","3_56_1.xls","5614ad1cc7d4c55780d7c2006b63673c8725cc69dc63f3f5c3bfd58e405ccb3a","71168","raw/2006-06/3_56_1.xls"
"factsheet_2006-07_357","factsheet","2006-07","month","2006-08-11","IR Fact sheet 2006.7월호","가입자 현황","https://corp.kt.com/data/attach/document/3_57_1.xls","3_57_1.xls","9e24a2a8b5270ab37b2200dde1f92e465da050cbdb265d22e16700c677857522","83968","raw/2006-07/3_57_1.xls"
"factsheet_2006-08_358","factsheet","2006-08","month","2006-09-11","IR Fact sheet 2006.8월호","가입자 현황","https://corp.kt.com/data/attach/document/3_58_1.xls","3_58_1.xls","2ae7a948c3d279fbe779d9585820744941a0da5a32e80660be698e46724d5fe2","83968","raw/2006-08/3_58_1.xls"
"factsheet_2006-09_359","factsheet","2006-09","month","2006-10-13","IR Fact sheet 2006.9월호","가입자 현황","https://corp.kt.com/data/attach/document/3_59_1.xls","3_59_1.xls","0730128fda99b4315d421f70fe23c43badf6e237d6b2a360ab519c7dc408e031","59904","raw/2006-09/3_59_1.xls"
"factsheet_2006-10_360","factsheet","2006-10","month","2006-11-10","IR Fact sheet 2006.10월호","가입자 현황","https://corp.kt.com/data/attach/document/3_60_1.xls","3_60_1.xls","ff7dd02c1ae03c6ff44a4913f9dd63182880520a77a9e15a3ebb27d1a7a73c53","60416","raw/2006-10/3_60_1.xls"
"factsheet_2006-11_361","factsheet","2006-11","month","2006-12-11","IR Fact sheet 2006.11월호","가입자 현황","https://corp.kt.com/data/attach/document/3_61_1.xls","3_61_1.xls","65c88afe7c7c8b7fae3980d9d1bef25de954df2be26c836b16ba8b6a0ab391ee","60416","raw/2006-11/3_61_1.xls"
"factsheet_2006-12_362","factsheet","2006-12","month","2007-01-15","IR Fact sheet 2006.12월호","가입자 현황","https://corp.kt.com/data/attach/document/3_62_1.xls","3_62_1.xls","3aeb43772bf73efb56dd43c7f34a2e019ca433e79ffd000587ff68c832232d74","41984","raw/2006-12/3_62_1.xls"
"factsheet_2007-01_363","factsheet","2007-01","month","2007-02-14","IR Fact sheet 2007.1월호","가입자 현황","https://corp.kt.com/data/attach/document/3_63_1.xls","3_63_1.xls","7d69f2a2b01619893f49d1bbe23127e114877bb2f98942ff7866eab56355e29d","61440","raw/2007-01/3_63_1.xls"
"factsheet_2007-02_364","factsheet","2007-02","month","2007-03-13","IR Fact sheet 2007.2월호","가입자 현황","https://corp.kt.com/data/attach/document/3_64_1.xls","3_64_1.xls","a7daab4b83bd9c945702d3c7f8db02d1851c2b8c56cadaca2ee8120f9959416f","76288","raw/2007-02/3_64_1.xls"
"factsheet_2007-03_365","factsheet","2007-03","month","2007-04-12","IR Fact sheet 2007.3월호","가입자 현황","https://corp.kt.com/data/attach/document/3_65_1.xls","3_65_1.xls","c6999c951d6887a7107c71719d41abfa1e3e701ac225411af79a581da4d0f823","76288","raw/2007-03/3_65_1.xls"
"factsheet_2007-04_366","factsheet","2007-04","month","2007-05-14","IR Fact sheet 2007.4월호","가입자 현황","https://corp.kt.com/data/attach/document/3_66_1.xls","3_66_1.xls","9643097fcbda90d82fe095d8a8941eaaccba3c3fc293268d962ecab31fec6f05","138240","raw/2007-04/3_66_1.xls"
"factsheet_2007-05_367","factsheet","2007-05","month","2007-06-13","IR Fact sheet 2007.5월호","가입자 현황","https://corp.kt.com/data/attach/document/3_67_1.2007.06.13.xls","3_67_1.2007.06.13.xls","c0903dd033e2d5b739d450c139811a5dd67f3080465af7bed4ec06f7836ab51e","50688","raw/2007-05/3_67_1.2007.06.13.xls"
"factsheet_2007-06_368","factsheet","2007-06","month","2007-07-12","IR Fact sheet 2007.6월호","가입자 현황","https://corp.kt.com/data/attach/document/3_68_1.xls","3_68_1.xls","f6c988714762bc485d363572a8122d33f51b176f640db28db25f30a0111ca890","50688","raw/2007-06/3_68_1.xls"
"factsheet_2007-07_369","factsheet","2007-07","month","2007-08-14","IR Fact sheet 2007.7월호","가입자 현황","https://corp.kt.com/data/attach/document/3_69_1.xls","3_69_1.xls","86cf3e0d53c6a0b9651905226b86a228a2bf576c4a8ce645b05d955fed7a8ebf","51200","raw/2007-07/3_69_1.xls"
"factsheet_2007-08_370","factsheet","2007-08","month","2007-09-12","IR Fact sheet 2007.8월호","가입자 현황","https://corp.kt.com/data/attach/document/3_70_1.xls","3_70_1.xls","07f27194ace70ab2616d18192fc65c36d655e44c1d3407e8d97e7ac3c500ca86","51200","raw/2007-08/3_70_1.xls"
"factsheet_2007-09_371","factsheet","2007-09","month","2007-10-12","IR Fact sheet 2007.9월호","가입자 현황","https://corp.kt.com/data/attach/document/3_71_1.xls","3_71_1.xls","6db7cc9d44b5785d48312794f4fd80667a1068fdea6743e76b9923a9a9abdad3","52224","raw/2007-09/3_71_1.xls"
"factsheet_2007-10_372","factsheet","2007-10","month","2007-11-12","IR Fact sheet 2007.10월호","가입자 현황","https://corp.kt.com/data/attach/document/3_72_1.xls","3_72_1.xls","4fdfa64380e95eb0749086a373556ee15186b579730dbaff541fa29787bc0253","52736","raw/2007-10/3_72_1.xls"
"factsheet_2007-11_373","factsheet","2007-11","month","2007-12-12","IR Fact sheet 2007.11월호","가입자 현황","https://corp.kt.com/data/attach/document/3_73_1.xls","3_73_1.xls","e66d06b1a4783d430811e960f06aba5c263647101004e0c2cb2dcf3fbd333ddd","52736","raw/2007-11/3_73_1.xls"
"factsheet_2007-12_374","factsheet","2007-12","month","2008-01-19","IR Fact sheet 2007.12월호","가입자 현황","https://corp.kt.com/data/attach/document/3_74_1.xls","3_74_1.xls","e1dcf7e967d01cff918b3037acfbbc12dc21ce1837fdb2bd07911304de01148e","53248","raw/2007-12/3_74_1.xls"
"ndr_2007Q1_47","ndr","2007Q1","quarter","2007-06-07","2007 1Q Overseas NDR","프리젠테이션","https://corp.kt.com/data/attach/144/2007_1H_Overseas_NDR_20070201.pdf","2007_1H_Overseas_NDR_20070201.pdf","99be7ced02e24f4bae75cc4f41043ba75c0ccf00a073a31b103c535f362428c8","2735625","raw/2007Q1/2007_1H_Overseas_NDR_20070201.pdf"
"ndr_2007Q2_49","ndr","2007Q2","quarter","2007-07-30","2007년 2분기 실적 NDR자료","프리젠테이션","https://corp.kt.com/data/attach/144/NDR_2007_2Q_korean.pdf","NDR_2007_2Q_korean.pdf","f1e0c319f5ae8fc3414ceb5c072e0784a8e5aff67aad15b101aaead96f04fd8b","2725327","raw/2007Q2/NDR_2007_2Q_korean.pdf"
"ndr_2007Q3_51","ndr","2007Q3","quarter","2007-10-26","2007년 3분기 실적 NDR자료","프리젠테이션","https://corp.kt.com/data/attach/144/2007_3Q_NDR_Korean.pdf","2007_3Q_NDR_Korean.pdf","ce0e00db15548322ececbfc3384aa024ff83096afe0bb5b0dad86401d9267b04","2600502","raw/2007Q3/2007_3Q_NDR_Korean.pdf"
"factsheet_2008-01_375","factsheet","2008-01","month","2008-02-22","IR Fact sheet 2008.1월호","가입자 현황","https://corp.kt.com/data/attach/document/3_75_1.xls","3_75_1.xls","87829b0c972eb98a8eec43e0f5120145115bfca1286319fe3b43dce860de3514","43520","raw/2008-01/3_75_1.xls"
"factsheet_2008-02_376","factsheet","2008-02","month","2008-03-19","IR Fact Sheet 2008.2월호","가입자 현황","https://corp.kt.com/data/attach/document/3_76_1.xls","3_76_1.xls","54900114f4e7ee39d56e78e6ee3cd08a9af99003f93e3a4dd05cd5d0dc6ca65b","53760","raw/2008-02/3_76_1.xls"
"factsheet_2008-03_377","factsheet","2008-03","month","2008-04-16","IR Fact Sheet 2008.3월호","가입자 현황","https://corp.kt.com/data/attach/document/3_77_1.xls","3_77_1.xls","33dc6220bfcb446fa21c264d96e674322683f55182d70aec11cf9aaf393378d2","51712","raw/2008-03/3_77_1.xls"
"factsheet_2008-04_378","factsheet","2008-04","month","2008-05-15","IR Fact Sheet 2008.4월호","가입자 현황","https://corp.kt.com/data/attach/document/3_78_1.xls","3_78_1.xls","f68cb1a5cb57b16c4a93121cdc79d4b2847b04ad6eed1bfb67a67c975892833d","52224","raw/2008-04/3_78_1.xls"
"factsheet_2008-05_379","factsheet","2008-05","month","2008-06-17","IR Fact Sheet 2008.5월호","가입자 현황","https://corp.kt.com/data/attach/document/3_79_1.xls","3_79_1.xls","7a7c661c1df5475cdaed1f17ff4fc1ed8c90cdfe9d75829661eae5f3d4b6376d","56320","raw/2008-05/3_79_1.xls"
"factsheet_2008-06_380","factsheet","2008-06","month","2008-07-14","IR Fact Sheet 2008.6월호","가입자 현황","https://corp.kt.com/data/attach/document/3_80_1.xls","3_80_1.xls","061b7a01dfdf36783ed3ea232cd50eaf8ec2c7b8c4d926636279d089cd2f4914","58368","raw/2008-06/3_80_1.xls"
"factsheet_2008-07_381","factsheet","2008-07","month","2008-08-20","IR Fact Sheet 2008.7월호","가입자 현황","https://corp.kt.com/data/attach/document/3_81_1.xls","3_81_1.xls","0f97bdbb791d54e9296edc3f23dc26ef46dc162460e595d57a01eb1b7d334236","56320","raw/2008-07/3_81_1.xls"
"factsheet_2008-08_382","factsheet","2008-08","month","2008-09-18","IR Fact Sheet 2008.8월호","가입자 현황","https://corp.kt.com/data/attach/document/3_82_1.xls","3_82_1.xls","ecde01095783094b8fa550dd8b719fb131b75990954e5434f26bac6bf4c3ac82","57344","raw/2008-08/3_82_1.xls"
"factsheet_2008-09_383","factsheet","2008-09","month","2008-10-14","IR Fact Sheet 2008.9월호","가입자 현황","https://corp.kt.com/data/attach/document/3_83_1.xls","3_83_1.xls","76785873279fbb5d4c2af2acea869323ce14b68117fd1ef254c6d2abe12dec77","57856","raw/2008-09/3_83_1.xls"
"factsheet_2008-10_384","factsheet","2008-10","month","2008-11-14","IR Fact Sheet 2008.10월호","가입자 현황","https://corp.kt.com/data/attach/document/3_84_1.xls","3_84_1.xls","9769e044b14384ccc4dc1a06b301a31c3eb597a7c02043afc3e5b43b95919571","57856","raw/2008-10/3_84_1.xls"
"factsheet_2008-11_385","factsheet","2008-11","month","2008-12-19","IR Factsheet 2008.11월호","가입자 현황","https://corp.kt.com/data/attach/document/3_85_1.xls","3_85_1.xls","79a083df76c3f693613095314ffebab45e9c4de9d784c43061653e04995b2bcb","58368","raw/2008-11/3_85_1.xls"
"factsheet_2008-12_386","factsheet","2008-12","month","2009-01-12","IR Factsheet 2008.12월호","가입자 현황","https://corp.kt.com/data/attach/document/3_86_1.xls","3_86_1.xls","01391e5e2c0fd654f68582f13a72204be4482d1b012c0a204eb4aab09fe344f6","58880","raw/2008-12/3_86_1.xls"
"ndr_2008Q2_53","ndr","2008Q2","quarter","2008-07-28","2008년 2분기 실적 NDR자료","프리젠테이션","https://corp.kt.com/data/attach/144/NDR%20PT-Kor.pdf","NDR PT-Kor.pdf","03ac75b279740d60d93ef5867d64ede8099d8b3a03dcf45796baf013a175a20c","1138619","raw/2008Q2/NDR PT-Kor.pdf"
"factsheet_2009-01_387","factsheet","2009-01","month","2009-02-23","IR Factsheet 2009.1월호","가입자 현황","https://corp.kt.com/data/attach/document/3_87_1.xls","3_87_1.xls","cf0cf7dee4526a4e385eb613ea7dd5dddd4af1913780c3fce2df97e9788041ac","58880","raw/2009-01/3_87_1.xls"
"factsheet_2009-02_388","factsheet","2009-02","month","2009-03-16","IR Factsheet 2009.2월호","가입자 현황","https://corp.kt.com/data/attach/document/3_88_1.xls","3_88_1.xls","7b1bf5e93221cdefa687a1a4bd42467b92431d918d6a9507733527c53dfdea7e","58880","raw/2009-02/3_88_1.xls"
"factsheet_2009-03_389","factsheet","2009-03","month","2009-04-20","IR Factsheet 2009.3월호","가입자 현황","https://corp.kt.com/data/attach/document/3_89_1.xls","3_89_1.xls","4f48265085a867e34cef3d4c5c9404f92302908f928934f8857a1fd9d72dc2de","81408","raw/2009-03/3_89_1.xls"
"factsheet_2009-04_390","factsheet","2009-04","month","2009-05-20","IR Factsheet 2009.4월호","가입자 현황","https://corp.kt.com/data/attach/document/3_90_1.xls","3_90_1.xls","67e514d504e16b4eda7c00e15df207af60926f760764fd0e0336e095f119dc06","81408","raw/2009-04/3_90_1.xls"
"factsheet_2009-05_391","factsheet","2009-05","month","2009-06-03","IR Factsheet (Wireless) 2009.5월호","가입자 현황","https://corp.kt.com/data/attach/document/3_91_1.xls","3_91_1.xls","ef5f86ec5e5a8ef48a9ca3c2e1e12a5b1560c16fcea27ffd2f76512c02c8ff59","169472","raw/2009-05/3_91_1.xls"
"factsheet_2009-05_392","factsheet","2009-05","month","2009-06-15","IR Factsheet 2009.5월호","가입자 현황","https://corp.kt.com/data/attach/document/3_92_1.xls","3_92_1.xls","5d87ef7d4d453f142a4d692934999cfaa7cbf3460ce685842ec51c6775ae455a","82432","raw/2009-05/3_92_1.xls"
"factsheet_2009-06_393","factsheet","2009-06","month","2009-07-06","IR Factsheet (Wireless) 2009.6월호","가입자 현황","https://corp.kt.com/data/attach/document/3_93_1.xls","3_93_1.xls","e20166e1e665350aa1a4b766270c82a02b5bb2ea30d4f7157ad30bf4fe2fb030","136192","raw/2009-06/3_93_1.xls"
"factsheet_2009-06_394","factsheet","2009-06","month","2009-07-17","IR Factsheet 2009.6월호","가입자 현황","https://corp.kt.com/data/attach/document/3_94_1.xls","3_94_1.xls","dd920b4d7984d2e7484bb317bdc46231246fffe915efee6a61ad3c8fb81aa601","248832","raw/2009-06/3_94_1.xls"
"factsheet_2009-06_395","factsheet","2009-06","month","2009-08-07","IR Factsheet (Wireless_MOU) 2009.6월호","가입자 현황","https://corp.kt.com/data/attach/document/3_95_1.xls","3_95_1.xls","757db7954f49ff5d748a88da02a4dac8e7397c267a26a59131f7b6d932b5ca2d","152576","raw/2009-06/3_95_1.xls"
"factsheet_2009-07_396","factsheet","2009-07","month","2009-08-17","IR Factsheet 2009.7월호","가입자 현황","https://corp.kt.com/data/attach/document/3_96_1.xls","3_96_1.xls","72d996bc833aa506f306e95c149e03cea6f15d10d4422ceb817f0b12cef40167","243200","raw/2009-07/3_96_1.xls"
"factsheet_2009-08_397","factsheet","2009-08","month","2009-09-17","IR Factsheet 2009.8월호","가입자 현황","https://corp.kt.com/data/attach/document/3_97_1.xls","3_97_1.xls","1af5474a97c3b024cfb71b8717cd35941e04e55e954d1ba803b85739ca1f7bae","248320","raw/2009-08/3_97_1.xls"
"factsheet_2009-09_398","factsheet","2009-09","month","2009-10-16","IR Factsheet 2009.9월호","가입자 현황","https://corp.kt.com/data/attach/document/3_98_1.xls","3_98_1.xls","ed61b100d5fe67f7fbbafd0646b08d56e8171430fd15d9cb0f1151addb965819","248320","raw/2009-09/3_98_1.xls"
"factsheet_2009-10_399","factsheet","2009-10","month","2009-11-27","IR Factsheet 2009.10월호","가입자 현황","https://corp.kt.com/data/attach/document/3_99_1.xls","3_99_1.xls","2398b01fce325fab20713dd0dcd88f74e5d2b80dcd95122a1f240d95f24d9399","93184","raw/2009-10/3_99_1.xls"
"factsheet_2009-11_400","factsheet","2009-11","month","2009-12-16","IR Factsheet 2009.11월호","가입자 현황","https://corp.kt.com/data/attach/document/3_100_1.xls","3_100_1.xls","ae39bf24bf821db234820ca3af0fb5352c6c218ef35fcd48a60f1f697936d905","184320","raw/2009-11/3_100_1.xls"
"factsheet_2009-12_401","factsheet","2009-12","month","2010-01-18","IR Factsheet 2009.12월호","가입자 현황","https://corp.kt.com/data/attach/document/3_101_1.xls","3_101_1.xls","125da9d1e20884e03414f39fb9b4506d0d78f378d83a82e75f0d61dc9e8bf096","185344","raw/2009-12/3_101_1.xls"
"ndr_2009Q1_57","ndr","2009Q1","quarter","2009-09-29","2009년 1분기 국내 NDR 자료","프리젠테이션","https://corp.kt.com/data/attach/144/2009%20January_Quarter_internal%20NDR%20data.pdf","2009 January_Quarter_internal NDR data.pdf","f67a6fb000f5a15f12b967d70251f701933d0e61891bebc517f7476d14889f92","2251903","raw/2009Q1/2009 January_Quarter_internal NDR data.pdf"
"ndr_2009Q2_58","ndr","2009Q2","quarter","2009-09-29","2009년 2분기 국내 NDR 자료","프리젠테이션","https://corp.kt.com/data/attach/144/2009_2Q_NDR_PT_Final.pdf","2009_2Q_NDR_PT_Final.pdf","319e152ed36f6ad74ab0b1aa6d0370103e55b73a7728147c0db57416b92cb61f","3738004","raw/2009Q2/2009_2Q_NDR_PT_Final.pdf"
"ndr_2009Q3_59","ndr","2009Q3","quarter","2009-11-26","2009년 3분기 국내 NDR 자료","프리젠테이션","https://corp.kt.com/data/attach/144/IR%20PT_3Q09_Kor.pdf","IR PT_3Q09_Kor.pdf","f3555b6fc50c9f83aaa64489f8696b5c6187696a2d2ebf772f2aa7412861d558","3563776","raw/2009Q3/IR PT_3Q09_Kor.pdf"
"ndr_2009Q4_60","ndr","2009Q4","quarter","2011-02-07","2009년 4분기 국내 NDR 자료","프리젠테이션","https://corp.kt.com/data/attach/144/IR_PT-4Q09_NDR-kor.pdf","IR_PT-4Q09_NDR-kor.pdf","b1afb7812a0a164232383747d493a2d2c77cf7eac086fe4bf0acbaea5acc335c","5844584","raw/2009Q4/IR_PT-4Q09_NDR-kor.pdf"
"factsheet_2010-01_402","factsheet","2010-01","month","2010-02-22","IR Factsheet 2010.1월호","가입자 현황","https://corp.kt.com/data/attach/document/3_102_1.xls","3_102_1.xls","6ece60ef859ca94524fb91d935184da7cc1dcb3d7906508d4ea84238194308ba","187392","raw/2010-01/3_102_1.xls"
"factsheet_2010-02_403","factsheet","2010-02","month","2010-03-16","IR Factsheet 2010.2월호","가입자 현황","https://corp.kt.com/data/attach/document/3_103_1.xls","3_103_1.xls","ee7781fe02787372a5a203b9a44d9d8fd53102c4f394e2967869b511e2f9661a","186880","raw/2010-02/3_103_1.xls"
"factsheet_2010-03_404","factsheet","2010-03","month","2010-04-21","IR Factsheet 2010.3월호","가입자 현황","https://corp.kt.com/data/attach/document/3_104_1.xls","3_104_1.xls","fef9321cac8c820441dd90cfa855a6d704dccf7bd31c718ad6a2d93a2d0e582b","188928","raw/2010-03/3_104_1.xls"
"factsheet_2010-04_405","factsheet","2010-04","month","2010-05-14","IR Factsheet 2010.4월호","가입자 현황","https://corp.kt.com/data/attach/document/3_105_1.xls","3_105_1.xls","63525f21307efbd50d0508af00047b45be8e47d8b0e9eecc43c7ccc13cc3384b","189952","raw/2010-04/3_105_1.xls"
"factsheet_2010-05_406","factsheet","2010-05","month","2010-06-16","IR Factsheet 2010.5월호","가입자 현황","https://corp.kt.com/data/attach/document/3_106_1.xls","3_106_1.xls","c166c1323397a25ffa89e0840c84d19f23f6c8aa25f663ab3984f70b98f174bd","190976","raw/2010-05/3_106_1.xls"
"factsheet_2010-06_407","factsheet","2010-06","month","2010-07-16","IR Factsheet 2010.6월호","가입자 현황","https://corp.kt.com/data/attach/document/3_107_1.xls","3_107_1.xls","db772290efba784f8bf4c014ff8c38bcc26c85ee85573678b993ec646a6020a0","189952","raw/2010-06/3_107_1.xls"
"factsheet_2010-07_408","factsheet","2010-07","month","2010-08-17","IR Factsheet 2010.7월호","가입자 현황","https://corp.kt.com/data/attach/document/3_108_1.xls","3_108_1.xls","25c11de222b371e9b742fda3a9c903fafd0cb06498d80c74e836dc2454b93462","206848","raw/2010-07/3_108_1.xls"
"factsheet_2010-08_409","factsheet","2010-08","month","2010-09-27","IR Factsheet 2010.8월호","가입자 현황","https://corp.kt.com/data/attach/document/3_109_1.xls","3_109_1.xls","8ace7d2ddfe7566d6a6732cc12b9041baeff98344ae1be5f59b06045db2d0cfc","189440","raw/2010-08/3_109_1.xls"
"factsheet_2010-09_410","factsheet","2010-09","month","2010-10-18","IR Factsheet 2010.9월호","가입자 현황","https://corp.kt.com/data/attach/document/3_110_1.xls","3_110_1.xls","c95e64685fa584741177db2657f07804cadd95014ff65f8ade3307cc050fe6de","206336","raw/2010-09/3_110_1.xls"
"factsheet_2010-10_411","factsheet","2010-10","month","2010-11-16","IR Factsheet 2010.10월호","가입자 현황","https://corp.kt.com/data/attach/document/3_111_1.xls","3_111_1.xls","ff4beba33ffc78499b6b2b6a2b09835890d670522b377c43d028ab14e26ad2d2","208896","raw/2010-10/3_111_1.xls"
"factsheet_2010-11_412","factsheet","2010-11","month","2010-12-17","IR Factsheet 2010.11월호","가입자 현황","https://corp.kt.com/data/attach/document/3_112_1.xls","3_112_1.xls","258e89ca8a1553572288d23b26c10123a922204c5a2cb491280b6e7e3fa9e705","209408","raw/2010-11/3_112_1.xls"
"factsheet_2010-12_413","factsheet","2010-12","month","2011-01-18","IR Factsheet 2010.12월호","가입자 현황","https://corp.kt.com/data/attach/document/3_113_1.xls","3_113_1.xls","42431bd8a2f2fb3894a2b8d48977dcba8687c021a844e01f2c169b5012becac4","268800","raw/2010-12/3_113_1.xls"
"ndr_2010Q1_61","ndr","2010Q1","quarter","2010-05-24","2010년 1분기 국내 NDR 자료","프리젠테이션","https://corp.kt.com/data/attach/144/olleh_kt_IR_PT_1Q10_Final%28Korean%29.pdf","olleh_kt_IR_PT_1Q10_Final(Korean).pdf","f2e8f92574ed692e84460463b132c0b8e99596fb240c2b0df7ea5f9de3353bb6","6910374","raw/2010Q1/olleh_kt_IR_PT_1Q10_Final(Korean).pdf"
"ndr_2010Q4_64","ndr","2010Q4","quarter","2011-02-14","2010년 4분기 국내 NDR 자료","프리젠테이션","https://corp.kt.com/data/attach/144/IR_PT_2011_02_14_KOR_1.pdf","IR_PT_2011_02_14_KOR_1.pdf","b2132ddfbe77e7fecc663898b6c2a77be29117e554fc754707fcef9b5e851c34","566046","raw/2010Q4/IR_PT_2011_02_14_KOR_1.pdf"
"factsheet_2011-01_414","factsheet","2011-01","month","2011-02-18","IR Factsheet 2011.1월호","가입자 현황","https://corp.kt.com/data/attach/document/3_114_1.xls","3_114_1.xls","0615a3df3d4222c88fd54c6c9a5b3630d2994e62bf6c0f10e8c047099f42da1e","259584","raw/2011-01/3_114_1.xls"
"factsheet_2011-02_415","factsheet","2011-02","month","2011-03-16","IR Factsheet 2011.2월호","가입자 현황","https://corp.kt.com/data/attach/document/3_115_1.xls","3_115_1.xls","88d01dc22e2fa124931e6aabb058a3581267e65d86003702cd116d090ea57045","260096","raw/2011-02/3_115_1.xls"
"factsheet_2011-03_416","factsheet","2011-03","month","2011-04-18","IR Factsheet 2011.3월호","가입자 현황","https://corp.kt.com/data/attach/document/3_116_1.xls","3_116_1.xls","c404791f5f4d010f0c90e19ac7ce9304a9c9b864a7db0ab5a7a2f8c4ca676065","262656","raw/2011-03/3_116_1.xls"
"factsheet_2011-04_417","factsheet","2011-04","month","2011-05-17","IR Factsheet 2011.4월호","가입자 현황","https://corp.kt.com/data/attach/document/3_117_1.xls","3_117_1.xls","a0b1cb0719bde7720f6a752887d2eee7cffb54cdf6b57166f988565d06ba401b","264192","raw/2011-04/3_117_1.xls"
"factsheet_2011-05_418","factsheet","2011-05","month","2011-06-17","IR Factsheet 2011.5월호","가입자 현황","https://corp.kt.com/data/attach/document/3_118_1.xls","3_118_1.xls","0369e5e9638ab5c0d56b0334ccf3d1368f65f54c1f66eb38b4a240cb60ee5c64","283136","raw/2011-05/3_118_1.xls"
"factsheet_2011-06_419","factsheet","2011-06","month","2011-07-15","IR Factsheet 2011.6월호","가입자 현황","https://corp.kt.com/data/attach/document/3_119_1.xls","3_119_1.xls","58e60f9382a5283a677c8615871b278c9e7f3778abe2e9a7610ae1e6fc8b1b25","251904","raw/2011-06/3_119_1.xls"
"factsheet_2011-07_420","factsheet","2011-07","month","2011-08-17","IR Factsheet 2011.7월호","가입자 현황","https://corp.kt.com/data/attach/document/3_120_1.xls","3_120_1.xls","e11e6ed2ff964ce66ea03c87c75369bb8b3938f93386eb12b661c4010e42cfc6","197120","raw/2011-07/3_120_1.xls"
"factsheet_2011-08_421","factsheet","2011-08","month","2011-09-16","IR Factsheet 2011.8월호","가입자 현황","https://corp.kt.com/data/attach/document/kthp1316141109472.xls","kthp1316141109472.xls","16a86df19cb5c8c1d40f18522156704bb0ade219bb6ab8a928b79b9746270145","197120","raw/2011-08/kthp1316141109472.xls"
"factsheet_2011-09_422","factsheet","2011-09","month","2011-10-17","IR Factsheet 2011.9월호","가입자 현황","https://corp.kt.com/data/attach/document/kthp1318834210524.xls","kthp1318834210524.xls","a8c08487c5b8732e328f4cc6202881319394ea34ac4b9b25c1c53416d3816573","198144","raw/2011-09/kthp1318834210524.xls"
"factsheet_2011-10_423","factsheet","2011-10","month","2011-11-15","IR Factsheet 2011.10월호","가입자 현황","https://corp.kt.com/data/attach/document/kthp1321351262454.xls","kthp1321351262454.xls","f55e146470ffc8d8447e197481d90299e9d59b56995ebd145976e7a14f7efc65","198144","raw/2011-10/kthp1321351262454.xls"
"factsheet_2011-11_424","factsheet","2011-11","month","2011-12-15","IR Factsheet 2011.11월호","가입자 현황","https://corp.kt.com/data/attach/document/kthp1323926664807.xls","kthp1323926664807.xls","d9422d3f020bd0064e34b253705606a444594104be7a1a7d4981cd9852ad852d","200192","raw/2011-11/kthp1323926664807.xls"
"factsheet_2011-12_425","factsheet","2011-12","month","2012-01-16","IR Factsheet 2011.12월호","가입자 현황","https://corp.kt.com/data/attach/document/kthp1326691281718.xls","kthp1326691281718.xls","72bcc38768daedbf9c0b02756429b794a8bf907ae401b57c89a48a8e155d553c","200192","raw/2011-12/kthp1326691281718.xls"
"ndr_2011Q1_65","ndr","2011Q1","quarter","2011-08-30","2011년 1분기 국내 NDR 자료","프리젠테이션","https://corp.kt.com/data/attach/144/kthp1314690005566.pdf","kthp1314690005566.pdf","ad2bd3625be2ccc16b015ffcc5b0a20cc0f2bb17585645ac2bd2c1d9094b42bd","615136","raw/2011Q1/kthp1314690005566.pdf"
"ndr_2011Q2_66","ndr","2011Q2","quarter","2011-08-30","2011년 2분기 국내 NDR 자료","프리젠테이션","https://corp.kt.com/data/attach/144/kthp1314690030656.pdf","kthp1314690030656.pdf","01a38cb7c55cac2155f284d628604e7c60276561708f7e0b8544d5f7a64cb428","664001","raw/2011Q2/kthp1314690030656.pdf"
"ndr_2011Q3_67","ndr","2011Q3","quarter","2011-12-01","2011년 3분기 국내 NDR 자료","프리젠테이션","https://corp.kt.com/data/attach/144/kthp1322725208014.pdf","kthp1322725208014.pdf","af381240bcc8c156d7837855dc055e3c71a42cce85bde89fee3f492d2bb45a86","1164431","raw/2011Q3/kthp1322725208014.pdf"
"financial_indicator_2011Q4_127","financial_indicator","2011Q4","quarter","2012-02-06","2011 4Q Financial Indicator","재무 데이터","https://corp.kt.com/data/attach/document/kthp1328490117229.xlsx","kthp1328490117229.xlsx","062caf4a93f9fd26a6f2783f950963e421a6efa304e4b01dfac5018f5f568a8f","17124","raw/2011Q4/kthp1328490117229.xlsx"
"ndr_2011Q4_68","ndr","2011Q4","quarter","2012-02-17","2011년 4분기 국내 NDR 자료","프리젠테이션","https://corp.kt.com/data/attach/144/kthp1329719441012.pdf","kthp1329719441012.pdf","224f95dfed1a235f6c470da3fa8d7667171e20e5bfdd12abbf45870ce4f3af97","1031619","raw/2011Q4/kthp1329719441012.pdf"
"factsheet_2012-01_428","factsheet","2012-01","month","2012-02-16","IR Factsheet 2012.1월호","가입자 현황","https://corp.kt.com/data/attach/document/kthp1329351555555.xls","kthp1329351555555.xls","4a910cf5dae9437fb5276895a3dbb6df99195b6c9ac7f82405f7a31bb4d3387b","205312","raw/2012-01/kthp1329351555555.xls"
"factsheet_2012-02_429","factsheet","2012-02","month","2012-03-15","IR Factsheet 2012.2월호","가입자 현황","https://corp.kt.com/data/attach/document/kthp1331787154020.xls","kthp1331787154020.xls","1a7db8be1c1e3ac363223f5b051635c40fd794e73cac853ffac86362c69e9a9e","205824","raw/2012-02/kthp1331787154020.xls"
"factsheet_2012-03_430","factsheet","2012-03","month","2012-04-16","IR Factsheet 2012.3월호","가입자 현황","https://corp.kt.com/data/attach/document/kthp1334555391244.xls","kthp1334555391244.xls","78fe73a26fac7db88566c7704d91235387b25aa2825f0f1e87df8d03500ad2e1","206848","raw/2012-03/kthp1334555391244.xls"
"factsheet_2012-04_431","factsheet","2012-04","month","2012-05-31","IR Factsheet 2012.4월호","가입자 현황","https://corp.kt.com/data/attach/document/kthp1338440463308.xls","kthp1338440463308.xls","1f4d599c828d67dac6d34e39e0b2ee0240c7ad0a6ed842d86cf42d8056936120","206336","raw/2012-04/kthp1338440463308.xls"
"factsheet_2012-05_434","factsheet","2012-05","month","2012-06-15","IR Factsheet 2012.5월호","가입자 현황","https://corp.kt.com/data/attach/document/kthp1339736133399.xls","kthp1339736133399.xls","36ad78bf44ca190c70b71c46fdb59f0442955fc628aa97f75173bc9da96da57b","206336","raw/2012-05/kthp1339736133399.xls"
"factsheet_2012-06_435","factsheet","2012-06","month","2012-07-17","IR Factsheet 2012.6월호","가입자 현황","https://corp.kt.com/data/attach/document/kthp1342523926528.xls","kthp1342523926528.xls","0144bfee7f1b43a7fdb23051ec60b3e77d16c5cba2787c4d02cf5e6b53e0bffe","206848","raw/2012-06/kthp1342523926528.xls"
"factsheet_2012-07_439","factsheet","2012-07","month","2012-09-03","IR Factsheet 2012.7월호","가입자 현황","https://corp.kt.com/data/attach/document/kthp1346628945333.xls","kthp1346628945333.xls","e9c4fbec9cfe990e2a3e3c69e7c443c3c617cd38d618bb53887e06bb3909a17e","208384","raw/2012-07/kthp1346628945333.xls"
"factsheet_2012-08_440","factsheet","2012-08","month","2012-09-18","IR Factsheet 2012.8월호","가입자 현황","https://corp.kt.com/data/attach/document/kthp1347931407479.xls","kthp1347931407479.xls","a8f932ee55e53310a3b0b6b0c46957b071123a203c827ba2c0feee0c57685d23","208896","raw/2012-08/kthp1347931407479.xls"
"factsheet_2012-09_441","factsheet","2012-09","month","2012-10-17","IR Factsheet 2012.9월호","가입자 현황","https://corp.kt.com/data/attach/document/kthp1350447531157.xls","kthp1350447531157.xls","77e2f5017191584b53b2cf0421ef83c7e7d35d42e67247c61569d1de932e821b","210944","raw/2012-09/kthp1350447531157.xls"
"factsheet_2012-10_444","factsheet","2012-10","month","2012-11-15","IR Factsheet 2012.10월호","가입자 현황","https://corp.kt.com/data/attach/document/kthp1352974509309.xls","kthp1352974509309.xls","585783fac2857550af0d64b99047930a7295c80a52401bfb57ee2aa430368e1f","212480","raw/2012-10/kthp1352974509309.xls"
"factsheet_2012-11_445","factsheet","2012-11","month","2012-12-18","IR Factsheet 2012.11월호","가입자 현황","https://corp.kt.com/data/attach/document/kthp1355791678830.xls","kthp1355791678830.xls","fb1073cea40cb2f136e9c99e3aae06ea6cebf828495302ba1d09c8d990863e63","213504","raw/2012-11/kthp1355791678830.xls"
"factsheet_2012-12_446","factsheet","2012-12","month","2013-01-16","IR Factsheet 2012.12월호","가입자 현황","https://corp.kt.com/data/attach/document/kthp1358300352756.xls","kthp1358300352756.xls","28eb5735945e048ac5e366dbffcbcbc4bc41c1d5d9f40b883a7f303540c577ed","211456","raw/2012-12/kthp1358300352756.xls"
"financial_indicator_2012Q1_133","financial_indicator","2012Q1","quarter","2012-06-08","2012 1Q Financial Indicator","재무 데이터","https://corp.kt.com/data/attach/document/kthp1339143772359.xlsx","kthp1339143772359.xlsx","cd00f212953808d8b375bef80c27dbe6a95eea962709257bb9929295b2ddf299","19630","raw/2012Q1/kthp1339143772359.xlsx"
"ndr_2012Q1_69","ndr","2012Q1","quarter","2013-01-24","2012년 1분기 국내 NDR 자료","프리젠테이션","https://corp.kt.com/data/attach/144/kthp1359009902840.pdf","kthp1359009902840.pdf","4e8f694b90ed39ced05dd24e3e9c4f7ca1d09de0d56eac273d26a31b5b75b993","1032016","raw/2012Q1/kthp1359009902840.pdf"
"financial_indicator_2012Q2_138","financial_indicator","2012Q2","quarter","2012-08-03","2012 2Q Financial Indicator","재무 데이터","https://corp.kt.com/data/attach/document/kthp1343960103125.xlsx","kthp1343960103125.xlsx","19d499efdb22b642cc624733f2356a28c1e52e9ba6a547305f93d93fd64e2297","20235","raw/2012Q2/kthp1343960103125.xlsx"
"ndr_2012Q2_70","ndr","2012Q2","quarter","2013-01-24","2012년 2분기 국내 NDR 자료","프리젠테이션","https://corp.kt.com/data/attach/144/kthp1359010021319.pdf","kthp1359010021319.pdf","2aac1267d8f6e9236f0252dcffa18e7e4de798ce43a8a25a6152cf44448f88c0","986886","raw/2012Q2/kthp1359010021319.pdf"
"financial_indicator_2012Q3_143","financial_indicator","2012Q3","quarter","2012-11-05","2012 3Q Financial Indicator","재무 데이터","https://corp.kt.com/data/attach/document/kthp1352079170218.xlsx","kthp1352079170218.xlsx","0a659c45cce5543fc9478dd4a6507429a920d2daa5e1486980df97f596a7ca95","21983","raw/2012Q3/kthp1352079170218.xlsx"
"ndr_2012Q3_71","ndr","2012Q3","quarter","2013-01-24","2012년 3분기 국내 NDR 자료","프리젠테이션","https://corp.kt.com/data/attach/144/kthp1359010059593.pdf","kthp1359010059593.pdf","fa73eb7a0cc3e8e7837235b08dfb594f9e1de6cc49b17fcf5d08e862fcc7ff09","1139757","raw/2012Q3/kthp1359010059593.pdf"
"financial_indicator_2012Q4_148","financial_indicator","2012Q4","quarter","2013-02-01","2012 4Q Financial Indicator","재무 데이터","https://corp.kt.com/data/attach/document/kthp1359671748159.xlsx","kthp1359671748159.xlsx","58dea6becbb67a87aa4aa63638b389d3eb3d229d2a42deda33fe2d32e4cc41fc","20548","raw/2012Q4/kthp1359671748159.xlsx"
"ndr_2012Q4_72","ndr","2012Q4","quarter","2013-02-05","2012년 4분기 국내 NDR 자료","프리젠테이션","https://corp.kt.com/data/attach/144/kthp1360060814430.pdf","kthp1360060814430.pdf","8def84b20ed799c74772a9e49a474315b104d960870e0c0a2a8d4db80eedf0f7","1078328","raw/2012Q4/kthp1360060814430.pdf"
"factsheet_2013-01_449","factsheet","2013-01","month","2013-02-18","IR Factsheet 2013.1월호","가입자 현황","https://corp.kt.com/data/attach/document/kthp1361167969814.xls","kthp1361167969814.xls","ea6fd1bfd09abd7c0a8fed3c1772c715ef1fdcac00901f8fb6d49fc9b6a5c877","218624","raw/2013-01/kthp1361167969814.xls"
"factsheet_2013-02_450","factsheet","2013-02","month","2013-03-15","IR Factsheet 2013.2월호","가입자 현황","https://corp.kt.com/data/attach/document/kthp1363332121798.xls","kthp1363332121798.xls","8a3207c500c71585689d79ed623e6645c1244e7739cd54b5204cc3d2712036ca","219136","raw/2013-02/kthp1363332121798.xls"
"factsheet_2013-03_451","factsheet","2013-03","month","2013-04-17","IR Factsheet 2013.3월호","가입자 현황","https://corp.kt.com/data/attach/document/kthp1366159008341.xls","kthp1366159008341.xls","22208c65a858af4bd133a8b0fd86d16869c5d63025eaf58fc1a5f2d635e02d9f","214528","raw/2013-03/kthp1366159008341.xls"
"factsheet_2013-04_452","factsheet","2013-04","month","2013-05-15","IR Factsheet 2013.4월호","가입자 현황","https://corp.kt.com/data/attach/document/kthp1368596128000.xls","kthp1368596128000.xls","3b50007f72da67e3b4cd4649ad42fefc412a06f0f0a38cb23e678bd82456a36c","212992","raw/2013-04/kthp1368596128000.xls"
"factsheet_2013-05_455","factsheet","2013-05","month","2013-06-28","IR Factsheet 2013년 5월","가입자 현황","https://corp.kt.com/data/attach/document/kthp1372384244812.xls","kthp1372384244812.xls","312688e2624a79c612e79cb0bc50dc4380efb8b03b859d074e2350cc4d7d4da0","213504","raw/2013-05/kthp1372384244812.xls"
"factsheet_2013-06_456","factsheet","2013-06","month","2013-07-15","IR Factsheet 2013.6월호","가입자 현황","https://corp.kt.com/data/attach/document/kthp1373856187232.xls","kthp1373856187232.xls","547154d6467101da1348ec9d36140a3754da71a510ca2e6140e5f91121a7533b","215040","raw/2013-06/kthp1373856187232.xls"
"factsheet_2013-07_459","factsheet","2013-07","month","2013-08-16","IR Factsheet 2013.7월호","가입자 현황","https://corp.kt.com/data/attach/document/kthp1376620946660.xls","kthp1376620946660.xls","8b01b6aa983820f4b9785460e3866539496dd394c099c35de8645e241356955b","217088","raw/2013-07/kthp1376620946660.xls"
"factsheet_2013-08_460","factsheet","2013-08","month","2013-09-12","IR Factsheet 2013.8월호","가입자 현황","https://corp.kt.com/data/attach/document/kthp1378981788130.xls","kthp1378981788130.xls","a9cadae12562163e3c6cf8d5fbcb2232f6e2fd24290d39f4ff9d3f427c8477bf","217600","raw/2013-08/kthp1378981788130.xls"
"factsheet_2013-09_461","factsheet","2013-09","month","2013-10-14","IR Factsheet 2013.9월호","가입자 현황","https://corp.kt.com/data/attach/document/kthp1381739308781.xls","kthp1381739308781.xls","8a3689dbe4c48deb9753e52db926e71a2702ccb686735d66365fbdfe15b1c07b","218112","raw/2013-09/kthp1381739308781.xls"
"factsheet_2013-10_464","factsheet","2013-10","month","2013-11-15","IR Factsheet 2013, 10월호","가입자 현황","https://corp.kt.com/data/attach/document/kthp1384479234665.xls","kthp1384479234665.xls","a921406be3f75604a57a4b3dc1b4e480d435bf4fdd19d24c60ba5900c1426920","224256","raw/2013-10/kthp1384479234665.xls"
"factsheet_2013-11_465","factsheet","2013-11","month","2013-12-16","IR Factsheet 2013, 11월호","가입자 현황","https://corp.kt.com/data/attach/document/kthp1387157105572.xls","kthp1387157105572.xls","34b3a7236b6b0aae9214cdc56cb5c13519c36c075421e4a76d7bb1f4afee978e","217600","raw/2013-11/kthp1387157105572.xls"
"factsheet_2013-12_466","factsheet","2013-12","month","2014-01-15","IR Factsheet 2013, 12월호","가입자 현황","https://corp.kt.com/data/attach/document/kthp1389770166115.xls","kthp1389770166115.xls","5370cb6cd37a038c87c471d54c279b920f2cb51d64b9caa97c85d47427e106ed","218112","raw/2013-12/kthp1389770166115.xls"
"financial_indicator_2013Q1_153","financial_indicator","2013Q1","quarter","2013-05-15","2013 1Q Financial Indicator","재무 데이터","https://corp.kt.com/data/attach/document/kthp1368596190999.xlsx","kthp1368596190999.xlsx","a0c3f29a00dc82ac89e04afa6907b81fcd6e97f5797d6e178013fec4936ba0e7","19337","raw/2013Q1/kthp1368596190999.xlsx"
"ndr_2013Q1_73","ndr","2013Q1","quarter","2013-07-17","2013년 1분기 국내 NDR 자료","프리젠테이션","https://corp.kt.com/data/attach/144/kthp1374028318174.pdf","kthp1374028318174.pdf","65669bb933406d930cdcec9f6ae02a51952b604cf09a1b06c2ae732e9fb74eb9","1177935","raw/2013Q1/kthp1374028318174.pdf"
"financial_indicator_2013Q2_158","financial_indicator","2013Q2","quarter","2013-08-02","2013 2Q Financial Indicator","재무 데이터","https://corp.kt.com/data/attach/document/kthp1375431043414.xlsx","kthp1375431043414.xlsx","177866cb8721311ca911c2216a266b10233262926b1c59053cd1d511320bad68","19916","raw/2013Q2/kthp1375431043414.xlsx"
"ndr_2013Q2_74","ndr","2013Q2","quarter","2013-09-25","2013년 2분기 국내 NDR 자료","프리젠테이션","https://corp.kt.com/data/attach/144/kthp1380090544447.pdf","kthp1380090544447.pdf","dab4f610ed9fdf6f0e7b209aa7cc9ecdff0a4cdb7ac0e1c0ae525d0894cdeb4c","827281","raw/2013Q2/kthp1380090544447.pdf"
"financial_indicator_2013Q3_163","financial_indicator","2013Q3","quarter","2013-11-01","2013 3Q Financial Indicator","재무 데이터","https://corp.kt.com/data/attach/document/kthp1383267508432.xlsx","kthp1383267508432.xlsx","1e402566d477fc8c1eabe071b1320a09baa412df906cbfd02d161a0ca8baf5a7","21987","raw/2013Q3/kthp1383267508432.xlsx"
"ndr_2013Q3_75","ndr","2013Q3","quarter","2013-11-11","2013년 3분기 국내 NDR 자료","프리젠테이션","https://corp.kt.com/data/attach/144/kthp1384134021865.pdf","kthp1384134021865.pdf","1c9a97f276aa60256cfdeffb1ed860e3689f0482ae915a19c73270f9b6cdf0b7","1219566","raw/2013Q3/kthp1384134021865.pdf"
"financial_indicator_2013Q4_168","financial_indicator","2013Q4","quarter","2014-01-28","2013 4Q Financial Indicator","재무 데이터","https://corp.kt.com/data/attach/document/kthp1396576698334.xlsx","kthp1396576698334.xlsx","2525f968aca40be712d3214029c57710d4a57e6c2c5b88ef4778a7d1f4e64984","20211","raw/2013Q4/kthp1396576698334.xlsx"
"ndr_2013Q4_76","ndr","2013Q4","quarter","2014-02-24","2013년 4분기 국내 NDR 자료","프리젠테이션","https://corp.kt.com/data/attach/144/kthp1393221600331.pdf","kthp1393221600331.pdf","38f2a906e3f651f5d3365e257213658b8fe3af3da7c5bb09dc41eb83ba868253","1164427","raw/2013Q4/kthp1393221600331.pdf"
"factsheet_2014-01_469","factsheet","2014-01","month","2014-02-17","IR Factsheet 2014, 1월호","가입자 현황","https://corp.kt.com/data/attach/document/kthp1392634891814.xls","kthp1392634891814.xls","b1157c483e6e314a58236f01196d25631ed73d03b67f1ebbf503d47f57959030","219648","raw/2014-01/kthp1392634891814.xls"
"factsheet_2014-02_470","factsheet","2014-02","month","2014-03-17","IR Factsheet 2014, 2월호","가입자 현황","https://corp.kt.com/data/attach/document/kthp1395015386343.xls","kthp1395015386343.xls","1bcf56a87b926eb3f14f8443e90d4706b2c54cc30748cd6eb97567cf827beaa8","218624","raw/2014-02/kthp1395015386343.xls"
"factsheet_2014-03_471","factsheet","2014-03","month","2014-04-15","IR Factsheet 2014, 3월호","가입자 현황","https://corp.kt.com/data/attach/document/kthp1397535786676.xls","kthp1397535786676.xls","b652d146a1ea11afdb39e3042cc7099a7587c4994e12ed65f35650c58046d57b","225792","raw/2014-03/kthp1397535786676.xls"
"factsheet_2014-04_474","factsheet","2014-04","month","2014-05-15","IR Factsheet 2014, 4월호","가입자 현황","https://corp.kt.com/data/attach/document/kthp1400136161813.xls","kthp1400136161813.xls","5563e6179d83fe76569b0856e83a37078550df94b319b7b5da3772e1d0ef8aa8","226304","raw/2014-04/kthp1400136161813.xls"
"factsheet_2014-05_475","factsheet","2014-05","month","2014-06-16","IR Factsheet 2014, 5월호","가입자 현황","https://corp.kt.com/data/attach/document/kthp1402897038830.xls","kthp1402897038830.xls","4cce21abcf07b82b8bf19a46fd8f91d192150c8b1bde6ecbd90f11b25ee2d779","226816","raw/2014-05/kthp1402897038830.xls"
"factsheet_2014-06_476","factsheet","2014-06","month","2014-07-15","IR Factsheet 2014, 6월호","가입자 현황","https://corp.kt.com/data/attach/document/kthp1405407939896.xls","kthp1405407939896.xls","61960b70437ec4d2ffe13068f86ee8802dee15a55bd8381eb614d62549bff9c3","222208","raw/2014-06/kthp1405407939896.xls"
"factsheet_2014-07_479","factsheet","2014-07","month","2014-08-18","IR Factsheet 2014, 7월호","가입자 현황","https://corp.kt.com/data/attach/document/kthp1408350243205.xls","kthp1408350243205.xls","cfaeee6adf4f546585f49b6368621b3f47c1fae4b1a525b1932a823ac112e49e","223744","raw/2014-07/kthp1408350243205.xls"
"factsheet_2014-08_480","factsheet","2014-08","month","2014-09-15","IR Factsheet 2014, 8월호","가입자 현황","https://corp.kt.com/data/attach/document/kthp1410759687241.xls","kthp1410759687241.xls","4869c78047817903882cb114b4668bd5af7044d64249d0d58100316deb24fde3","226304","raw/2014-08/kthp1410759687241.xls"
"factsheet_2014-09_481","factsheet","2014-09","month","2014-10-15","IR Factsheet 2014, 9월호","가입자 현황","https://corp.kt.com/data/attach/document/kthp1413335046392.xls","kthp1413335046392.xls","701ac2b1945f59fd309f09c6af7b1ed918e1d99926e515f9b2ecde3596112edf","227328","raw/2014-09/kthp1413335046392.xls"
"factsheet_2014-10_484","factsheet","2014-10","month","2014-11-17","IR Factsheet 2014, 10월호","가입자 현황","https://corp.kt.com/data/attach/document/kthp1416210425583.xls","kthp1416210425583.xls","08fead597254e582e7425629219ba47ceb9b26c1e4235011e62808934e1d2408","228352","raw/2014-10/kthp1416210425583.xls"
"factsheet_2014-11_485","factsheet","2014-11","month","2014-12-15","IR Factsheet 2014, 11월호","가입자 현황","https://corp.kt.com/data/attach/document/kthp1418608893038.xls","kthp1418608893038.xls","60871f224dd3d41ddd9b5953f66523875e4b3766a42fd540d959da3cd6b7f836","228864","raw/2014-11/kthp1418608893038.xls"
"factsheet_2014-12_486","factsheet","2014-12","month","2015-01-15","IR Factsheet 2014, 12월호","가입자 현황","https://corp.kt.com/data/attach/document/kthp1421313183804.xls","kthp1421313183804.xls","07a9b2e1ce6b7ef2c525c783cf2e639315f9dcdc7e71909d924d5a49931c0591","228864","raw/2014-12/kthp1421313183804.xls"
"financial_indicator_2014Q1_172","financial_indicator","2014Q1","quarter","2014-04-30","2014 1Q Financial Indicator","재무 데이터","https://corp.kt.com/data/attach/document/kthp1400201078049.xlsx","kthp1400201078049.xlsx","687323ec0d892d200ea792cceb4dfba3751c8d962f171210b3bb1be39b968454","19301","raw/2014Q1/kthp1400201078049.xlsx"
"ndr_2014Q1_77","ndr","2014Q1","quarter","2014-05-20","2014년 1분기 국내 NDR 자료","프리젠테이션","https://corp.kt.com/data/attach/144/kthp1400576341208.pdf","kthp1400576341208.pdf","07eb461d3f260a4011756dca1b729269c0d7cca0b46839777cd5dbef8b281b78","941642","raw/2014Q1/kthp1400576341208.pdf"
"financial_indicator_2014Q2_177","financial_indicator","2014Q2","quarter","2014-07-29","2014 2Q Financial Indicator","재무 데이터","https://corp.kt.com/data/attach/document/kthp1406592599738.xlsx","kthp1406592599738.xlsx","6cf25e2b51addac8394381a2f9a2f505656eed65c6b1811472839867b35452d8","22117","raw/2014Q2/kthp1406592599738.xlsx"
"ndr_2014Q2_78","ndr","2014Q2","quarter","2014-07-29","2014년 2분기 국내 NDR 자료","프리젠테이션","https://corp.kt.com/data/attach/144/kthp1407398238162.pdf","kthp1407398238162.pdf","156e55014cf3683766fee97ed51946ce2ab45dc6e8806f90fb15b45ca36e8a23","1017971","raw/2014Q2/kthp1407398238162.pdf"
"financial_indicator_2014Q3_182","financial_indicator","2014Q3","quarter","2014-10-31","2014 3Q Financial Indicator","재무 데이터","https://corp.kt.com/data/attach/document/kthp1414717803886.xlsx","kthp1414717803886.xlsx","fe76705f9c16e33aef331ed0ddfb655de5e7094b6c5985f7be1893cd86c6d272","22730","raw/2014Q3/kthp1414717803886.xlsx"
"ndr_2014Q3_79","ndr","2014Q3","quarter","2014-11-04","2014년 3분기 국내 NDR 자료","프리젠테이션","https://corp.kt.com/data/attach/144/kthp1415060769335.pdf","kthp1415060769335.pdf","5709cdec74878077a900c57c00ede59e4708e21265cdac3f9138b68672da41f1","1118292","raw/2014Q3/kthp1415060769335.pdf"
"financial_indicator_2014Q4_188","financial_indicator","2014Q4","quarter","2015-01-30","2014 4Q Financial Indicator","재무 데이터","https://corp.kt.com/data/attach/document/kthp1422579067483.xlsx","kthp1422579067483.xlsx","b4e94ca4c124c0923aeab45e91a75a328360a2415cdfa369b3a97572e8933823","23494","raw/2014Q4/kthp1422579067483.xlsx"
"ndr_2014Q4_80","ndr","2014Q4","quarter","2015-02-05","2014년 4분기 국내 NDR 자료","프리젠테이션","https://corp.kt.com/data/attach/144/kthp1423102199122.pdf","kthp1423102199122.pdf","1b4d011a6092b7ff59fbac1c86ace49f4ec37ed25dfe4ef21b04e8e996f560c9","1313599","raw/2014Q4/kthp1423102199122.pdf"
"dart_2015_11011_CFS","dart_financial","2015","year","","2015 사업보고서 (연결)","DART","https://dart.fss.or.kr/dsab007/main.do?corpCode=00190321","","","",""
"dart_2015_11011_OFS","dart_financial","2015","year","","2015 사업보고서 (별도)","DART","https://dart.fss.or.kr/dsab007/main.do?corpCode=00190321","","","",""
"dart_2015_emp","dart_employees","2015","year","","2015 직원 현황","DART","https://dart.fss.or.kr/dsab007/main.do?corpCode=00190321","","","",""
"factsheet_2015-01_489","factsheet","2015-01","month","2015-02-16","IR Factsheet 2015, 1월호","가입자 현황","https://corp.kt.com/data/attach/document/kthp1424068164621.xls","kthp1424068164621.xls","7807406ab945a017237af1f18e5db0f967ab9cf9025b059eec9361ccf0693f56","257536","raw/2015-01/kthp1424068164621.xls"
"factsheet_2015-02_490","factsheet","2015-02","month","2015-03-17","IR Factsheet 2015, 2월호","가입자 현황","https://corp.kt.com/data/attach/document/kthp1426554240060.xls","kthp1426554240060.xls","b9a9cff1aa85c9299f8c0720a9c81924cdfccd2e8ddea2b1ad8854b2f7cbf211","258048","raw/2015-02/kthp1426554240060.xls"
"factsheet_2015-03_491","factsheet","2015-03","month","2015-04-15","IR Factsheet 2015, 3월호","가입자 현황","https://corp.kt.com/data/attach/document/kthp1429080040833.xls","kthp1429080040833.xls","cc27bc522b5f6291659057ed74782e409221ade4a42d1da81dbd8e9c09ae8672","258048","raw/2015-03/kthp1429080040833.xls"
"factsheet_2015-04_494","factsheet","2015-04","month","2015-05-15","IR Factsheet 2015, 4월호","가입자 현황","https://corp.kt.com/data/attach/document/kthp1431694229065.xls","kthp1431694229065.xls","81a6a1f6f7787c20bfef01d4250da4e583fbce1eeb9d1329355c5a3a8693e640","261120","raw/2015-04/kthp1431694229065.xls"
"factsheet_2015-05_495","factsheet","2015-05","month","2015-06-16","IR Factsheet 2015, 5월호","가입자 현황","https://corp.kt.com/data/attach/document/kthp1434436983341.xls","kthp1434436983341.xls","b22c5f6933e0fceb587a5b6179e72773c418c814640159a791a4fdc82c492a4d","260096","raw/2015-05/kthp1434436983341.xls"
"factsheet_2015-06_496","factsheet","2015-06","month","2015-07-15","IR Factsheet 2015, 6월호","가입자 현황","https://corp.kt.com/data/attach/document/kthp1436951726047.xls","kthp1436951726047.xls","e0e2e3755a6338391663fcf31decc5fe52d8dfcac0f56bbd1ddc540341115c88","261632","raw/2015-06/kthp1436951726047.xls"
"factsheet_2015-07_499","factsheet","2015-07","month","2015-08-18","IR Factsheet 2015, 7월호","가입자 현황","https://corp.kt.com/data/attach/document/kthp1439865452223.xls","kthp1439865452223.xls","635a5a4596cd8e03682de2fce0690b1f2be8c2a17a78bc59367cdee233e622d9","261632","raw/2015-07/kthp1439865452223.xls"
"factsheet_2015-08_500","factsheet","2015-08","month","2015-09-15","IR Factsheet 2015, 8월호","가입자 현황","https://corp.kt.com/data/attach/document/kthp1442317859573.xls","kthp1442317859573.xls","58d58595bf65a08898a2987903be826083934f6fbf6a92c72b6039ce1a4923ca","262144","raw/2015-08/kthp1442317859573.xls"
"factsheet_2015-09_501","factsheet","2015-09","month","2015-10-15","IR Factsheet 2015, 9월호","가입자 현황","https://corp.kt.com/data/attach/document/kthp1444884854811.xls","kthp1444884854811.xls","4578f7395040dd39ee51d5cef7a3f4d435df0a2a216d11984848b6418bee5c65","262144","raw/2015-09/kthp1444884854811.xls"
"factsheet_2015-10_504","factsheet","2015-10","month","2015-11-17","IR Factsheet 2015, 10월호","가입자 현황","https://corp.kt.com/data/attach/document/kthp1447737467453.xls","kthp1447737467453.xls","9bc49fd0ed0ee1c63dfb8aa65483ed58f21c82ce02df2f4306323225a113fdf0","251392","raw/2015-10/kthp1447737467453.xls"
"factsheet_2015-11_505","factsheet","2015-11","month","2015-12-16","IR Factsheet 2015, 11월호","가입자 현황","https://corp.kt.com/data/attach/document/kthp1450241915931.xls","kthp1450241915931.xls","97d972988d93984103782eeb4c124df7c50a72f887cca73bbe0b0973a86a4471","251392","raw/2015-11/kthp1450241915931.xls"
"factsheet_2015-12_506","factsheet","2015-12","month","2016-01-18","IR Factsheet 2015, 12월호","가입자 현황","https://corp.kt.com/data/attach/document/kthp1453104404069.xlsx","kthp1453104404069.xlsx","db47bb5825c5b4e24b29606d4f05c7265f3e34f89b9b63c87692004689afea68","236327","raw/2015-12/kthp1453104404069.xlsx"
"financial_indicator_2015Q1_193","financial_indicator","2015Q1","quarter","2015-04-30","2015 1Q Financial Indicator","재무 데이터","https://corp.kt.com/data/attach/document/kthp1430360594671.xlsx","kthp1430360594671.xlsx","3ce2c391b240f76891b25b88f520567e4295a592cff8c9fcbbb5030bc2a0b459","21704","raw/2015Q1/kthp1430360594671.xlsx"
"ndr_2015Q1_81","ndr","2015Q1","quarter","2015-05-12","2015년 1분기 국내 NDR 자료","프리젠테이션","https://corp.kt.com/data/attach/144/kthp1431407235610.pdf","kthp1431407235610.pdf","a4b8827e8e479076b5eeab69362f41b44e772bd1962eeaae427b751b86e3f7fb","1281629","raw/2015Q1/kthp1431407235610.pdf"
"financial_indicator_2015Q2_198","financial_indicator","2015Q2","quarter","2015-07-31","2015 2Q Financial Indicator","재무 데이터","https://corp.kt.com/data/attach/document/kthp1438305740676.xlsx","kthp1438305740676.xlsx","bf1e747865275a049330c5fe50a9e3d74e447d16395c0290e9edc36afcfc5383","22222","raw/2015Q2/kthp1438305740676.xlsx"
"ndr_2015Q2_82","ndr","2015Q2","quarter","2015-08-18","2015년 2분기 국내 NDR 자료","프리젠테이션","https://corp.kt.com/data/attach/144/kthp1439865011162.pdf","kthp1439865011162.pdf","e743e112e3322b3d4c41d72df499fb263e4ca4f2033d873b07232281b2b89857","1282688","raw/2015Q2/kthp1439865011162.pdf"
"financial_indicator_2015Q3_203","financial_indicator","2015Q3","quarter","2015-10-30","2015 3Q Financial Indicator","재무 데이터","https://corp.kt.com/data/attach/document/kthp1446169933228.xlsx","kthp1446169933228.xlsx","ace4ed923bdfd51251a523b83079c517b66bbca90fa19c48522962fbabac50db","22785","raw/2015Q3/kthp1446169933228.xlsx"
"ndr_2015Q3_83","ndr","2015Q3","quarter","2015-11-06","2015년 3분기 국내 NDR 자료","프리젠테이션","https://corp.kt.com/data/attach/144/kthp1446789817467.pdf","kthp1446789817467.pdf","1c985e5b60a6ccb3ae94811edd68bea70dd4f4d312b2e26c7f76caaa6bc060cb","1276603","raw/2015Q3/kthp1446789817467.pdf"
"financial_indicator_2015Q4_208","financial_indicator","2015Q4","quarter","2016-01-29","2015 4Q Financial Indicator","재무 데이터","https://corp.kt.com/data/attach/document/kthp1454023695967.xlsx","kthp1454023695967.xlsx","e816c18f2a8505f6a7bd14249eb149f8f555979c850104228784d9a095744228","21547","raw/2015Q4/kthp1454023695967.xlsx"
"ndr_2015Q4_84","ndr","2015Q4","quarter","2016-02-16","2015년 4분기 국내 NDR 자료","프리젠테이션","https://corp.kt.com/data/attach/144/kthp1455601198446.pdf","kthp1455601198446.pdf","da23edc1f5941fdcbc6b3db8802eb2dd8811eb739ab56c98ebdbc677f624dc0e","1107222","raw/2015Q4/kthp1455601198446.pdf"
"dart_2016_11011_CFS","dart_financial","2016","year","","2016 사업보고서 (연결)","DART","https://dart.fss.or.kr/dsab007/main.do?corpCode=00190321","","","",""
"dart_2016_11011_OFS","dart_financial","2016","year","","2016 사업보고서 (별도)","DART","https://dart.fss.or.kr/dsab007/main.do?corpCode=00190321","","","",""
"dart_2016_emp","dart_employees","2016","year","","2016 직원 현황","DART","https://dart.fss.or.kr/dsab007/main.do?corpCode=00190321","","","",""
"factsheet_2016-01_509","factsheet","2016-01","month","2016-02-16","IR Factsheet 2016, 1월호","가입자 현황","https://corp.kt.com/data/attach/document/kthp1455601529511.xlsx","kthp1455601529511.xlsx","25f47bfd353a3584c52d61d0ca458fd500544aa82bd313138fb74106635211da","236122","raw/2016-01/kthp1455601529511.xlsx"
"factsheet_2016-02_510","factsheet","2016-02","month","2016-03-15","IR Factsheet 2016, 2월호","가입자 현황","https://corp.kt.com/data/attach/document/kthp1458030700551.xlsx","kthp1458030700551.xlsx","134b773d0453c881a31c4fa3bda427f584400dc4f1e3763f104636ed73d567c5","209568","raw/2016-02/kthp1458030700551.xlsx"
"factsheet_2016-03_511","factsheet","2016-03","month","2016-04-21","IR Factsheet 2016, 3월호","가입자 현황","https://corp.kt.com/data/attach/document/kthp1461201178455.xlsx","kthp1461201178455.xlsx","8b45854777ef03342f7144c1affdd2a05baa5b1d787ff29d26761e3516753637","193332","raw/2016-03/kthp1461201178455.xlsx"
"factsheet_2016-04_514","factsheet","2016-04","month","2016-05-18","IR Factsheet 2016, 4월호","가입자 현황","https://corp.kt.com/data/attach/document/kthp1463532715114.xlsx","kthp1463532715114.xlsx","9d53199ba4ba08edb10a2a7792c4867150a839f7631e71092d70e323413f52e5","194288","raw/2016-04/kthp1463532715114.xlsx"
"factsheet_2016-05_515","factsheet","2016-05","month","2016-06-15","IR Factsheet 2016, 5월호","가입자 현황","https://corp.kt.com/data/attach/document/kthp1465974185006.xlsx","kthp1465974185006.xlsx","426f1be37a90f5558c099a36abd8043717b021f570fba98a3e173ff666d61195","194656","raw/2016-05/kthp1465974185006.xlsx"
"factsheet_2016-06_516","factsheet","2016-06","month","2016-07-15","IR Factsheet 2016, 6월호","가입자 현황","https://corp.kt.com/data/attach/document/kthp1468575071957.xlsx","kthp1468575071957.xlsx","c18e341873c3bbc5585ee584d6482df8a523bae9462e68e47d11a70a77c64afd","194961","raw/2016-06/kthp1468575071957.xlsx"
"factsheet_2016-07_519","factsheet","2016-07","month","2016-08-18","IR Factsheet 2016, 7월호","가입자 현황","https://corp.kt.com/data/attach/document/kthp1471510418888.xlsx","kthp1471510418888.xlsx","74b7c83855a7c35f6e8af2fb933cc0b7a6f7db77ef8d5435d4fca8d5c8927959","195098","raw/2016-07/kthp1471510418888.xlsx"
"factsheet_2016-08_520","factsheet","2016-08","month","2016-09-21","IR Factsheet 2016, 8월호","가입자 현황","https://corp.kt.com/data/attach/document/kthp1474440274543.xlsx","kthp1474440274543.xlsx","9267981bf04e8870fcbb5069080c754a4f668d86a9050311fb1b1a00ef9279e4","195509","raw/2016-08/kthp1474440274543.xlsx"
"factsheet_2016-09_521","factsheet","2016-09","month","2016-10-17","IR Factsheet 2016, 9월호","가입자 현황","https://corp.kt.com/data/attach/document/kthp1476696921178.xlsx","kthp1476696921178.xlsx","80dc1fb5dd57509f1c6a8dd0151c3dcede6c193443f8dd57308862145c92d4b3","195793","raw/2016-09/kthp1476696921178.xlsx"
"factsheet_2016-10_524","factsheet","2016-10","month","2016-11-15","IR Factsheet 2016, 10월호","가입자 현황","https://corp.kt.com/data/attach/document/kthp1479195177390.xlsx","kthp1479195177390.xlsx","bfb009b058a4ba7a1efb2b6e6cb53f1d907a170db5c8cd12f613cde7c65b5d3f","196331","raw/2016-10/kthp1479195177390.xlsx"
"factsheet_2016-11_525","factsheet","2016-11","month","2016-12-19","IR Factsheet 2016, 11월호","가입자 현황","https://corp.kt.com/data/attach/document/kthp1482130753799.xlsx","kthp1482130753799.xlsx","158fcfb59c97c76bf5a3bd795c206e36729ecfd0eb2c87fd41b0762785e36d1d","196645","raw/2016-11/kthp1482130753799.xlsx"
"factsheet_2016-12_526","factsheet","2016-12","month","2017-01-23","IR Factsheet 2016, 12월호","가입자 현황","https://corp.kt.com/data/attach/document/kthp1485162178494.xlsx","kthp1485162178494.xlsx","9945708895de15e675de39dc2197c8245a684e7d71e760b3a922e043a3e09554","196829","raw/2016-12/kthp1485162178494.xlsx"
"dart_2016_11013_CFS","dart_financial","2016Q1","quarter","","2016 1분기보고서 (연결)","DART","https://dart.fss.or.kr/dsab007/main.do?corpCode=00190321","","","",""
"dart_2016_11013_OFS","dart_financial","2016Q1","quarter","","2016 1분기보고서 (별도)","DART","https://dart.fss.or.kr/dsab007/main.do?corpCode=00190321","","","",""
"financial_indicator_2016Q1_213","financial_indicator","2016Q1","quarter","2016-04-29","2016 1Q Financial Indicator","재무 데이터","https://corp.kt.com/data/attach/document/kthp1461892551177.xlsx","kthp1461892551177.xlsx","b20ca4fc6361d58c4019fdca5bc7d744a222f9a74bf62f8ccf0d85a2538c8d4b","19799","raw/2016Q1/kthp1461892551177.xlsx"
"ndr_2016Q1_85","ndr","2016Q1","quarter","2016-05-10","2016년 1분기 국내 NDR 자료","프리젠테이션","https://corp.kt.com/data/attach/144/kthp1462880801695.pdf","kthp1462880801695.pdf","fb404bdb01d40a4880c7237c5b2cc224bb14505475537dfd9a87f44bf1284805","1020374","raw/2016Q1/kthp1462880801695.pdf"
"dart_2016_11012_CFS","dart_financial","2016Q2","quarter","","2016 반기보고서 (연결)","DART","https://dart.fss.or.kr/dsab007/main.do?corpCode=00190321","","","",""
"dart_2016_11012_OFS","dart_financial","2016Q2","quarter","","2016 반기보고서 (별도)","DART","https://dart.fss.or.kr/dsab007/main.do?corpCode=00190321","","","",""
"ndr_2016Q2_86","ndr","2016Q2","quarter","2016-07-29","2016년 2분기 국내 NDR 자료","프리젠테이션","https://corp.kt.com/data/attach/144/kthp1471847401895.pdf","kthp1471847401895.pdf","43c32e0cc91a960723189796a94d4e88e3e8b63a46b62d01f12342b8ac356607","957878","raw/2016Q2/kthp1471847401895.pdf"
"financial_indicator_2016Q2_218","financial_indicator","2016Q2","quarter","2016-08-01","2016 2Q Financial Indicator","재무 데이터","https://corp.kt.com/data/attach/document/kthp1470029904707.xlsx","kthp1470029904707.xlsx","22156423a5b6866869bf5ea46b9dd01cf8e1aea1a7893c2712a2cc6881ca164f","20033","raw/2016Q2/kthp1470029904707.xlsx"
"dart_2016_11014_CFS","dart_financial","2016Q3","quarter","","2016 3분기보고서 (연결)","DART","https://dart.fss.or.kr/dsab007/main.do?corpCode=00190321","","","",""
"dart_2016_11014_OFS","dart_financial","2016Q3","quarter","","2016 3분기보고서 (별도)","DART","https://dart.fss.or.kr/dsab007/main.do?corpCode=00190321","","","",""
"financial_indicator_2016Q3_223","financial_indicator","2016Q3","quarter","2016-10-28","2016 3Q Financial Indicator","재무 데이터","https://corp.kt.com/data/attach/document/kthp1477612791387.xlsx","kthp1477612791387.xlsx","bab52760f0e3809e1d98f0beaf6efa81b3dc56031eeaf56264cec8786ed91a0a","20603","raw/2016Q3/kthp1477612791387.xlsx"
"ndr_2016Q3_87","ndr","2016Q3","quarter","2016-11-03","2016년 3분기 국내 NDR 자료","프리젠테이션","https://corp.kt.com/data/attach/144/kthp1478154647388.pdf","kthp1478154647388.pdf","caa6245d8abb615b86934df5f6362c7b3511f463e0a2c616abb65e75a4dc22fa","932775","raw/2016Q3/kthp1478154647388.pdf"
"financial_indicator_2016Q4_228","financial_indicator","2016Q4","quarter","2017-02-01","2016 4Q Financial Indicator","재무 데이터","https://corp.kt.com/data/attach/document/kthp1485901853236.xlsx","kthp1485901853236.xlsx","832322633df49cfc554c5c8ef6feabe3cd94301dfa0ac0aea4ebc78d02638564","21133","raw/2016Q4/kthp1485901853236.xlsx"
"ndr_2016Q4_88","ndr","2016Q4","quarter","2017-02-06","2016년 4분기 국내 NDR 자료","프리젠테이션","https://corp.kt.com/data/attach/144/kthp1486347210830.pdf","kthp1486347210830.pdf","96a512394fece95ec27b13f0b00fa6fdcbb52dcc4c328b2e77b1ddef1e7727e0","947068","raw/2016Q4/kthp1486347210830.pdf"
"dart_2017_11011_CFS","dart_financial","2017","year","","2017 사업보고서 (연결)","DART","https://dart.fss.or.kr/dsab007/main.do?corpCode=00190321","","","",""
"dart_2017_11011_OFS","dart_financial","2017","year","","2017 사업보고서 (별도)","DART","https://dart.fss.or.kr/dsab007/main.do?corpCode=00190321","","","",""
"dart_2017_emp","dart_employees","2017","year","","2017 직원 현황","DART","https://dart.fss.or.kr/dsab007/main.do?corpCode=00190321","","","",""
"factsheet_2017-01_529","factsheet","2017-01","month","2017-02-15","IR Factsheet 2017, 1월호","가입자 현황","https://corp.kt.com/data/attach/document/kthp1487140722606.xlsx","kthp1487140722606.xlsx","08145b3c01042ab36d1cc17ad8dfaec9eb123a2ba97d6a0126b07238c38f2ac7","197315","raw/2017-01/kthp1487140722606.xlsx"
"factsheet_2017-02_530","factsheet","2017-02","month","2017-03-17","IR Factsheet 2017, 2월호","가입자 현황","https://corp.kt.com/data/attach/document/kthp1489730978106.xlsx","kthp1489730978106.xlsx","a743a1a5e21add140a41f410895503a1f0a084ef504aeec303b87ae91857dab0","194872","raw/2017-02/kthp1489730978106.xlsx"
"factsheet_2017-03_531","factsheet","2017-03","month","2017-04-18","IR Factsheet 2017, 3월호","가입자 현황","https://corp.kt.com/data/attach/document/kthp1492501810754.xlsx","kthp1492501810754.xlsx","2b85d406ab626d63583e4fb4e0639eec58d5a046c2d72e4cd7586c86172d705f","196166","raw/2017-03/kthp1492501810754.xlsx"
"factsheet_2017-04_534","factsheet","2017-04","month","2017-05-22","IR Factsheet 2017, 4월호","가입자 현황","https://corp.kt.com/data/attach/document/kthp1495445205030.xlsx","kthp1495445205030.xlsx","c9b74fd6babd8bdb9a81d81e6d71c9e5d735822846b5abd414b897647d26de5a","197054","raw/2017-04/kthp1495445205030.xlsx"
"factsheet_2017-05_535","factsheet","2017-05","month","2017-06-20","IR Factsheet 2017, 5월호","가입자 현황","https://corp.kt.com/data/attach/document/kthp1497946530533.xlsx","kthp1497946530533.xlsx","7873ffba2d9886f609b2c7892310c99a25494a443d71d2471ff32852d5105a74","197328","raw/2017-05/kthp1497946530533.xlsx"
"factsheet_2017-06_536","factsheet","2017-06","month","2017-07-19","IR Factsheet 2017, 6월호","가입자 현황","https://corp.kt.com/data/attach/document/kthp1500454189377.xlsx","kthp1500454189377.xlsx","d11086ae051a8e760a8756094b26368a4c01dd3b90085b232a470443af52d35d","197606","raw/2017-06/kthp1500454189377.xlsx"
"factsheet_2017-07_539","factsheet","2017-07","month","2017-08-18","IR Factsheet 2017, 7월호","가입자 현황","https://corp.kt.com/data/attach/document/kthp1504774345982.xlsx","kthp1504774345982.xlsx","dba299550c2c864392063a8018d8f566f7d100bb91ed92dd0af579b6a87de4fb","198129","raw/2017-07/kthp1504774345982.xlsx"
"factsheet_2017-08_540","factsheet","2017-08","month","2017-09-18","IR Factsheet 2017, 8월호","가입자 현황","https://corp.kt.com/data/attach/document/kthp1505711088377.xlsx","kthp1505711088377.xlsx","827d33b3f9c56865f00b25ca47552e033801b251b051dfda1b5c487443618191","198474","raw/2017-08/kthp1505711088377.xlsx"
"factsheet_2017-09_10023","factsheet","2017-09","month","2017-10-19","IR Factsheet 2017, 9월호","가입자 현황","https://corp.kt.com/attach/irdata/10023/150838640161000005.xlsx","150838640161000005.xlsx","201dbeafb171050f6727e7f70e18ee6ce1cc11f0526cb3db036a17399bade4b4","198776","raw/2017-09/150838640161000005.xlsx"
"factsheet_2017-10_10036","factsheet","2017-10","month","2017-11-23","IR Factsheet 2017, 10월호","가입자 현황","https://corp.kt.com/attach/irdata/10036/151142047731300016.xlsx","151142047731300016.xlsx","7d58f1e3b6f249439634e8208f69870d647a6175da81ca0f42f51c561f3c449a","198619","raw/2017-10/151142047731300016.xlsx"
"factsheet_2017-11_10053","factsheet","2017-11","month","2017-12-19","IR Factsheet 2017, 11월호","가입자 현황","https://corp.kt.com/attach/irdata/10053/KT%20IR%20Factsheet_November%202017.xlsx","KT IR Factsheet_November 2017.xlsx","e07789afca827bbc76a62be3b04ac674f402a87e2fe02006ff13edaa765fb1cc","192523","raw/2017-11/KT IR Factsheet_November 2017.xlsx"
"factsheet_2017-12_10057","factsheet","2017-12","month","2018-01-22","IR Factsheet 2017, 12월호","가입자 현황","https://corp.kt.com/attach/irdata/10057/KT%20IR%20Factsheet_December%202017.xlsx","KT IR Factsheet_December 2017.xlsx","e2c3c5e4aef8082412829a8cbfb3648ee1720798ebf8717dd35bce3fb7e6a94e","192942","raw/2017-12/KT IR Factsheet_December 2017.xlsx"
"dart_2017_11013_CFS","dart_financial","2017Q1","quarter","","2017 1분기보고서 (연결)","DART","https://dart.fss.or.kr/dsab007/main.do?corpCode=00190321","","","",""
"dart_2017_11013_OFS","dart_financial","2017Q1","quarter","","2017 1분기보고서 (별도)","DART","https://dart.fss.or.kr/dsab007/main.do?corpCode=00190321","","","",""
"financial_indicator_2017Q1_233","financial_indicator","2017Q1","quarter","2017-04-28","2017 1Q Financial Indicator","재무 데이터","https://corp.kt.com/data/attach/document/kthp1493332636225.xlsx","kthp1493332636225.xlsx","55823a74855f95257932211689762e9fc31611dd82e9a9ceae463da194d12631","19514","raw/2017Q1/kthp1493332636225.xlsx"
"ndr_2017Q1_89","ndr","2017Q1","quarter","2017-05-10","2017년 1분기 국내 NDR 자료","프리젠테이션","https://corp.kt.com/data/attach/144/kthp1494585198060.pdf","kthp1494585198060.pdf","7d596f979ba3ee34a0edbee93f1630c3b5a2ec8fd6b5eb7a4c0617222528585c","895114","raw/2017Q1/kthp1494585198060.pdf"
"dart_2017_11012_CFS","dart_financial","2017Q2","quarter","","2017 반기보고서 (연결)","DART","https://dart.fss.or.kr/dsab007/main.do?corpCode=00190321","","","",""
"dart_2017_11012_OFS","dart_financial","2017Q2","quarter","","2017 반기보고서 (별도)","DART","https://dart.fss.or.kr/dsab007/main.do?corpCode=00190321","","","",""
"financial_indicator_2017Q2_238","financial_indicator","2017Q2","quarter","2017-07-28","2017 2Q Financial Indicator","재무 데이터","https://corp.kt.com/data/attach/document/kthp1501201276048.xlsx","kthp1501201276048.xlsx","ab5098ebd9e8be464bac08ed043e5c818e7441d74a87ff527d09d235ea170429","20531","raw/2017Q2/kthp1501201276048.xlsx"
"ndr_2017Q2_90","ndr","2017Q2","quarter","2017-07-28","2017년 2분기 국내 NDR 자료","프리젠테이션","https://corp.kt.com/data/attach/144/kthp1501207425513.pdf","kthp1501207425513.pdf","cb32620cb2239e13c0d97ae6e6fb6ae8c03c0546d36650451b194ad2afebc7a1","1057661","raw/2017Q2/kthp1501207425513.pdf"
"dart_2017_11014_CFS","dart_financial","2017Q3","quarter","","2017 3분기보고서 (연결)","DART","https://dart.fss.or.kr/dsab007/main.do?corpCode=00190321","","","",""
"dart_2017_11014_OFS","dart_financial","2017Q3","quarter","","2017 3분기보고서 (별도)","DART","https://dart.fss.or.kr/dsab007/main.do?corpCode=00190321","","","",""
"financial_indicator_2017Q3_10029","financial_indicator","2017Q3","quarter","2017-11-01","2017 3Q Financial Indicator","재무 데이터","https://corp.kt.com/attach/irdata/10029/150949712051600001.xlsx","150949712051600001.xlsx","236bed6ad59b5b530196175e873ebc441ee89203087b6345181226b1c7935254","21326","raw/2017Q3/150949712051600001.xlsx"
"ndr_2017Q3_10032","ndr","2017Q3","quarter","2017-11-06","2017년 3분기 국내 NDR 자료","프리젠테이션","https://corp.kt.com/attach/irdata/10032/150994560823600009.pdf","150994560823600009.pdf","4669e70ba03c8be7f55a51ed9b7303fef779dc7ff4264d13d481921d9d2a6bf2","984504","raw/2017Q3/150994560823600009.pdf"
"financial_indicator_2017Q4_10064","financial_indicator","2017Q4","quarter","2018-02-06","2017 4Q Financial Indicator","재무 데이터","https://corp.kt.com/attach/irdata/10064/KT_174Q_Financial%20Indicator_FIN.xlsx","KT_174Q_Financial Indicator_FIN.xlsx","360c6223d920d3dcfa876047adfaf519f6c7a16a2b46fbbe064f6c8cb1812fd2","21900","raw/2017Q4/KT_174Q_Financial Indicator_FIN.xlsx"
"ndr_2017Q4_10073","ndr","2017Q4","quarter","2018-02-12","2017년 4분기 국내 NDR 자료","프리젠테이션","https://corp.kt.com/attach/irdata/10073/4Q17_KT_NDR_PT_KOR%20F.pdf","4Q17_KT_NDR_PT_KOR F.pdf","dabc74e93d49a2a17256c5beaf057777b610f24532812ebc9d55587f34fd7fdd","1187376","raw/2017Q4/4Q17_KT_NDR_PT_KOR F.pdf"
"dart_2018_11011_CFS","dart_financial","2018","year","","2018 사업보고서 (연결)","DART","https://dart.fss.or.kr/dsab007/main.do?corpCode=00190321","","","",""
"dart_2018_11011_OFS","dart_financial","2018","year","","2018 사업보고서 (별도)","DART","https://dart.fss.or.kr/dsab007/main.do?corpCode=00190321","","","",""
"dart_2018_emp","dart_employees","2018","year","","2018 직원 현황","DART","https://dart.fss.or.kr/dsab007/main.do?corpCode=00190321","","","",""
"factsheet_2018-01_10074","factsheet","2018-01","month","2018-02-19","IR Factsheet 2018, 1월호","가입자 현황","https://corp.kt.com/attach/irdata/10074/KT%20IR%20Factsheet_January%202018.xlsx","KT IR Factsheet_January 2018.xlsx","92464bae186073a2b7851e9639143ba342fe26f89a4468a3f2628575816146e9","193360","raw/2018-01/KT IR Factsheet_January 2018.xlsx"
"factsheet_2018-02_10087","factsheet","2018-02","month","2018-03-16","IR Factsheet 2018, 2월호","가입자 현황","https://corp.kt.com/attach/irdata/10087/KT%20IR%20Factsheet_February%202018.xlsx","KT IR Factsheet_February 2018.xlsx","85f4fc8afd29db23c7c21cd4eb026d31d943804ae5814578401c3ed7b5c61b3f","193583","raw/2018-02/KT IR Factsheet_February 2018.xlsx"
"factsheet_2018-03_10091","factsheet","2018-03","month","2018-04-19","IR Factsheet 2018, 3월호","가입자 현황","https://corp.kt.com/attach/irdata/10091/KT%20IR%20Factsheet_March%202018.xlsx","KT IR Factsheet_March 2018.xlsx","488b4f86b5b0aa4898f289f42ab54fda5ebf13d066ee3c8c5e5e990b6bf2fb8a","193849","raw/2018-03/KT IR Factsheet_March 2018.xlsx"
"factsheet_2018-04_10110","factsheet","2018-04","month","2018-05-30","IR Factsheet 2018, 4월호","가입자 현황","https://corp.kt.com/attach/irdata/10110/KT%20IR%20Factsheet_April%202018.xlsx","KT IR Factsheet_April 2018.xlsx","07b5adf1cfa7f5f3499c0e027103a9bbac1897b3097227714e43da39b747afe0","194360","raw/2018-04/KT IR Factsheet_April 2018.xlsx"
"factsheet_2018-05_10112","factsheet","2018-05","month","2018-06-20","IR Factsheet 2018, 5월호","가입자 현황","https://corp.kt.com/attach/irdata/10112/KT%20IR%20Factsheet_May%202018.xlsx","KT IR Factsheet_May 2018.xlsx","e7f7d5ed498b2ac2c582d7226029e9b01890633456b4a595d17c040f19271959","194387","raw/2018-05/KT IR Factsheet_May 2018.xlsx"
"factsheet_2018-06_10114","factsheet","2018-06","month","2018-07-17","IR Factsheet 2018, 6월호","가입자 현황","https://corp.kt.com/attach/irdata/10114/KT%20IR%20Factsheet_June%202018.xlsx","KT IR Factsheet_June 2018.xlsx","520c8afc3c2be0801a3bc3e1439d519f5f65528802172946ba688d95458cddbc","193258","raw/2018-06/KT IR Factsheet_June 2018.xlsx"
"factsheet_2018-07_10123","factsheet","2018-07","month","2018-08-22","IR Factsheet 2018, 7월호","가입자 현황","https://corp.kt.com/attach/irdata/10123/KT%20IR%20Factsheet_July%202018.xlsx","KT IR Factsheet_July 2018.xlsx","d26fb7959bb5dca743982aeb86144738847054c91efe8598db23252e49310a72","193767","raw/2018-07/KT IR Factsheet_July 2018.xlsx"
"factsheet_2018-08_10128","factsheet","2018-08","month","2018-09-17","IR Factsheet 2018, 8월호","가입자 현황","https://corp.kt.com/attach/irdata/10128/KT%20IR%20Factsheet_August%202018.xlsx","KT IR Factsheet_August 2018.xlsx","0839167f35f63c2d70020efeee01ef8916f2e25ded58cdac572fc84823117c9f","194042","raw/2018-08/KT IR Factsheet_August 2018.xlsx"
"factsheet_2018-09_10158","factsheet","2018-09","month","2018-10-16","IR Factsheet 2018, 9월호","가입자 현황","https://corp.kt.com/attach/irdata/10158/KT%20IR%20Factsheet_September_2018.xlsx","KT IR Factsheet_September_2018.xlsx","e4a1c09ab22a05e17e2034c621322e942274f62c0b1d52d39aa3632e35bbeccf","194342","raw/2018-09/KT IR Factsheet_September_2018.xlsx"
"factsheet_2018-10_10173","factsheet","2018-10","month","2018-11-20","IR Factsheet 2018, 10월호","가입자 현황","https://corp.kt.com/attach/irdata/10173/KT%20IR%20Factsheet_October_2018.xlsx","KT IR Factsheet_October_2018.xlsx","c1452d90e0ce7647b8c81b6508f27d56699e1df7ee4d775109a488fbff27c64c","194849","raw/2018-10/KT IR Factsheet_October_2018.xlsx"
"factsheet_2018-11_10175","factsheet","2018-11","month","2018-12-21","IR Factsheet 2018, 11월호","가입자 현황","https://corp.kt.com/attach/irdata/10175/KT%20IR%20Factsheet_November_2018.xlsx","KT IR Factsheet_November_2018.xlsx","cde5d06182b8818a411f4fa863d9cca6860dbc1055c703c1935376cbc0d770fc","195235","raw/2018-11/KT IR Factsheet_November_2018.xlsx"
"factsheet_2018-12_10177","factsheet","2018-12","month","2019-01-22","IR Factsheet 2018, 12월호","가입자 현황","https://corp.kt.com/attach/irdata/10177/KT%20IR%20Factsheet_December_2018.xlsx","KT IR Factsheet_December_2018.xlsx","6334cca9064441c613976712637d29e7fcdc2491b5e25defe8a924dce5d7e700","195675","raw/2018-12/KT IR Factsheet_December_2018.xlsx"
"dart_2018_11013_CFS","dart_financial","2018Q1","quarter","","2018 1분기보고서 (연결)","DART","https://dart.fss.or.kr/dsab007/main.do?corpCode=00190321","","","",""
"dart_2018_11013_OFS","dart_financial","2018Q1","quarter","","2018 1분기보고서 (별도)","DART","https://dart.fss.or.kr/dsab007/main.do?corpCode=00190321","","","",""
"financial_indicator_2018Q1_10101","financial_indicator","2018Q1","quarter","2018-05-03","2018 1Q Financial Indicator","재무 데이터","https://corp.kt.com/attach/irdata/10101/KT_181Q_Financial%20Indicator_FIN.xlsx","KT_181Q_Financial Indicator_FIN.xlsx","5cda06d2008a208d7208d47f2921ceb4247cdde0e823eeb6d2fc7020527a2ebb","22503","raw/2018Q1/KT_181Q_Financial Indicator_FIN.xlsx"
"ndr_2018Q1_10108","ndr","2018Q1","quarter","2018-05-25","2018년 1분기 국내 NDR 자료","프리젠테이션","https://corp.kt.com/attach/irdata/10108/1Q18_NDR%20PT_KOR-FIN.pdf","1Q18_NDR PT_KOR-FIN.pdf","19a74cb36cd6b5ca6e7f9f520c15319dc6d3e63acb8a89eeb3dc2b1fae92a105","1567781","raw/2018Q1/1Q18_NDR PT_KOR-FIN.pdf"
"dart_2018_11012_CFS","dart_financial","2018Q2","quarter","","2018 반기보고서 (연결)","DART","https://dart.fss.or.kr/dsab007/main.do?corpCode=00190321","","","",""
"dart_2018_11012_OFS","dart_financial","2018Q2","quarter","","2018 반기보고서 (별도)","DART","https://dart.fss.or.kr/dsab007/main.do?corpCode=00190321","","","",""
"financial_indicator_2018Q2_10119","financial_indicator","2018Q2","quarter","2018-08-03","2018 2Q Financial Indicator","재무 데이터","https://corp.kt.com/attach/irdata/10119/KT_182Q_Financial_Indicator.xlsx","KT_182Q_Financial_Indicator.xlsx","33c1752e60b0951ab0f7b48b0e6a266082d540022c635717a26bf87a7a7f94b0","23070","raw/2018Q2/KT_182Q_Financial_Indicator.xlsx"
"ndr_2018Q2_10122","ndr","2018Q2","quarter","2018-08-10","2018년 2분기 국내 NDR 자료","프리젠테이션","https://corp.kt.com/attach/irdata/10122/2Q18_NDR%20PT_KOR_f.pdf","2Q18_NDR PT_KOR_f.pdf","79a51614352713836a11ce7f584a17b6629ce0f178e7da989a8f4c46cce2f0ea","1616888","raw/2018Q2/2Q18_NDR PT_KOR_f.pdf"
"dart_2018_11014_CFS","dart_financial","2018Q3","quarter","","2018 3분기보고서 (연결)","DART","https://dart.fss.or.kr/dsab007/main.do?corpCode=00190321","","","",""
"dart_2018_11014_OFS","dart_financial","2018Q3","quarter","","2018 3분기보고서 (별도)","DART","https://dart.fss.or.kr/dsab007/main.do?corpCode=00190321","","","",""
"financial_indicator_2018Q3_10162","financial_indicator","2018Q3","quarter","2018-11-02","2018 3Q Financial Indicator","재무 데이터","https://corp.kt.com/attach/irdata/10162/KT_183Q_Financial_Indicator.xlsx","KT_183Q_Financial_Indicator.xlsx","288fe60c9bc05b5483c2307fe4bb833c257c914b0229c9268d65efc5b2fc7bbe","23664","raw/2018Q3/KT_183Q_Financial_Indicator.xlsx"
"ndr_2018Q3_10169","ndr","2018Q3","quarter","2018-11-08","2018년 3분기 국내 NDR 자료","프리젠테이션","https://corp.kt.com/attach/irdata/10169/3Q18_NDR%20PT_KOR_Fin.pdf","3Q18_NDR PT_KOR_Fin.pdf","63081ba887cacc2b02664f9c30b2ec57da441ef0a610ac33307b532a0172eac7","1932385","raw/2018Q3/3Q18_NDR PT_KOR_Fin.pdf"
"financial_indicator_2018Q4_10182","financial_indicator","2018Q4","quarter","2019-02-12","2018 4Q Financial Indicator","재무 데이터","https://corp.kt.com/attach/irdata/10182/KT_184Q_Financial_Indicator_FF.xlsx","KT_184Q_Financial_Indicator_FF.xlsx","e5a184c12ba003f8c58a74671aac2de233b12f52ad72594c94e08a6b054ef469","26188","raw/2018Q4/KT_184Q_Financial_Indicator_FF.xlsx"
"ndr_2018Q4_10184","ndr","2018Q4","quarter","2019-02-14","2018년 4분기 국내 NDR 자료","프리젠테이션","https://corp.kt.com/attach/irdata/10184/4Q18_KT_NDR_PT_KOR_f.pdf","4Q18_KT_NDR_PT_KOR_f.pdf","85bd55243b2cc53630340030c9ab9cfe24bb89cf27bc0bf39686415e4c9d7d49","1903892","raw/2018Q4/4Q18_KT_NDR_PT_KOR_f.pdf"
"dart_2019_11011_CFS","dart_financial","2019","year","","2019 사업보고서 (연결)","DART","https://dart.fss.or.kr/dsab007/main.do?corpCode=00190321","","","",""
"dart_2019_11011_OFS","dart_financial","2019","year","","2019 사업보고서 (별도)","DART","https://dart.fss.or.kr/dsab007/main.do?corpCode=00190321","","","",""
"dart_2019_emp","dart_employees","2019","year","","2019 직원 현황","DART","https://dart.fss.or.kr/dsab007/main.do?corpCode=00190321","","","",""
"factsheet_2019-01_10187","factsheet","2019-01","month","2019-02-18","IR Factsheet 2019, 1월호","가입자 현황","https://corp.kt.com/attach/irdata/10187/KT%20IR%20Factsheet_January_2019.xlsx","KT IR Factsheet_January_2019.xlsx","6172239cccf6887d54bc28064656ba924c114a47a31f1e474d569de751f08884","196332","raw/2019-01/KT IR Factsheet_January_2019.xlsx"
"factsheet_2019-02_10190","factsheet","2019-02","month","2019-03-15","IR Factsheet 2019, 2월호","가입자 현황","https://corp.kt.com/attach/irdata/10190/KT%20IR%20Factsheet_February_2019.xlsx","KT IR Factsheet_February_2019.xlsx","784fc9961139ce7c6d32dac8c6a7130af7c89ac0d58d67cfb2965c2c5075d893","196639","raw/2019-02/KT IR Factsheet_February_2019.xlsx"
"factsheet_2019-03_10194","factsheet","2019-03","month","2019-04-17","IR Factsheet 2019, 3월호","가입자 현황","https://corp.kt.com/attach/irdata/10194/KT%20IR%20Factsheet_March_2019.xlsx","KT IR Factsheet_March_2019.xlsx","ac4bc7e6f7ab7698d44eb22e875be11f128f2a0f7de10100507687828c0d12e4","196914","raw/2019-03/KT IR Factsheet_March_2019.xlsx"
"factsheet_2019-04_10206","factsheet","2019-04","month","2019-05-17","IR Factsheet 2019, 4월호","가입자 현황","https://corp.kt.com/attach/irdata/10206/KT%20IR%20Factsheet_April_2019.xlsx","KT IR Factsheet_April_2019.xlsx","2d2be627a40fdb63868027efc9cf7536bcf3e5a7c70e4dda0cd218ff9bc6bc14","197558","raw/2019-04/KT IR Factsheet_April_2019.xlsx"
"factsheet_2019-05_10209","factsheet","2019-05","month","2019-06-14","IR Factsheet 2019, 5월호","가입자 현황","https://corp.kt.com/attach/irdata/10209/KT%20IR%20Factsheet_May_2019.xlsx","KT IR Factsheet_May_2019.xlsx","3bec99ddd351618a8cd64ba763d65ab36672f2b8abcb8db4b39f1c97f6442a5c","197704","raw/2019-05/KT IR Factsheet_May_2019.xlsx"
"factsheet_2019-06_10221","factsheet","2019-06","month","2019-07-17","IR Factsheet 2019, 6월호","가입자 현황","https://corp.kt.com/attach/irdata/10221/KT%20IR%20Factsheet_June_2019.xlsx","KT IR Factsheet_June_2019.xlsx","0e8bdef76ecce0a712b4f6f687e6c1c7fa1048d97e5edceed1a09a864d59568c","190509","raw/2019-06/KT IR Factsheet_June_2019.xlsx"
"factsheet_2019-07_10233","factsheet","2019-07","month","2019-08-20","IR Factsheet 2019, 7월호","가입자 현황","https://corp.kt.com/attach/irdata/10233/KT%20IR%20Factsheet_July_2019.xlsx","KT IR Factsheet_July_2019.xlsx","ea1d55b066e89049ca4493b4779f074fac2a5fb308f9de074d22a8cf3aa4eb0b","497879","raw/2019-07/KT IR Factsheet_July_2019.xlsx"
"factsheet_2019-08_10239","factsheet","2019-08","month","2019-09-20","IR Factsheet 2019, 8월호","가입자 현황","https://corp.kt.com/attach/irdata/10239/KT%20IR%20Factsheet_August_2019.xlsx","KT IR Factsheet_August_2019.xlsx","ba4b9256466c6f32d0f8477e93f2f03171e86f4eaa731342649712ff0490fa35","495395","raw/2019-08/KT IR Factsheet_August_2019.xlsx"
"factsheet_2019-09_10242","factsheet","2019-09","month","2019-10-11","IR Factsheet 2019, 9월호","가입자 현황","https://corp.kt.com/attach/irdata/10242/KT%20IR%20Factsheet_September_2019.xlsx","KT IR Factsheet_September_2019.xlsx","3628228c54c796c96cff361f7c1a1c62102780d30b09a8e3d83820235d43706d","495676","raw/2019-09/KT IR Factsheet_September_2019.xlsx"
"factsheet_2019-10_10252","factsheet","2019-10","month","2019-11-18","IR Factsheet 2019, 10월호","가입자 현황","https://corp.kt.com/attach/irdata/10252/KT%20IR%20Factsheet_October_2019.xlsx","KT IR Factsheet_October_2019.xlsx","725a80b7bb9561343b0b9aa10f54c89df5814198dd663636442a9ff301fc30c7","496069","raw/2019-10/KT IR Factsheet_October_2019.xlsx"
"factsheet_2019-11_10257","factsheet","2019-11","month","2019-12-13","IR Factsheet 2019, 11월호","가입자 현황","https://corp.kt.com/attach/irdata/10257/KT%20IR%20Factsheet_November_2019.xlsx","KT IR Factsheet_November_2019.xlsx","e2047112996622a9d9a7be36634ab57f3f0b0f300b8a2fc8d560e0f8db2d245d","496430","raw/2019-11/KT IR Factsheet_November_2019.xlsx"
"factsheet_2019-12_10259","factsheet","2019-12","month","2020-01-10","IR Factsheet 2019, 12월호","가입자 현황","https://corp.kt.com/attach/irdata/10259/KT%20IR%20Factsheet_December_2019.xlsx","KT IR Factsheet_December_2019.xlsx","e33dbfcf1d70d1a3ef9dc2e1609a7e5ea3cfd77ab98bf5ef433f1dab0de93efb","495932","raw/2019-12/KT IR Factsheet_December_2019.xlsx"
"dart_2019_11013_CFS","dart_financial","2019Q1","quarter","","2019 1분기보고서 (연결)","DART","https://dart.fss.or.kr/dsab007/main.do?corpCode=00190321","","","",""
"dart_2019_11013_OFS","dart_financial","2019Q1","quarter","","2019 1분기보고서 (별도)","DART","https://dart.fss.or.kr/dsab007/main.do?corpCode=00190321","","","",""
"financial_indicator_2019Q1_10198","financial_indicator","2019Q1","quarter","2019-05-07","2019 1Q Financial Indicator","재무 데이터","https://corp.kt.com/attach/irdata/10198/KT_191Q_Financial_Indicator%20F.xlsx","KT_191Q_Financial_Indicator F.xlsx","4c9946316d69f4974da6e342b288564e709eb442b1004bfe62c98a1199866ba5","26617","raw/2019Q1/KT_191Q_Financial_Indicator F.xlsx"
"ndr_2019Q1_10200","ndr","2019Q1","quarter","2019-05-09","2019년 1분기 국내 NDR 자료","프리젠테이션","https://corp.kt.com/attach/irdata/10200/1Q19_KT_NDR_PT_KOR_FF_190509.pdf","1Q19_KT_NDR_PT_KOR_FF_190509.pdf","77b6de19069ed0f23c126c14776b189a4c254bdfef8a0e2d95416eb7603f65fb","1878894","raw/2019Q1/1Q19_KT_NDR_PT_KOR_FF_190509.pdf"
"dart_2019_11012_CFS","dart_financial","2019Q2","quarter","","2019 반기보고서 (연결)","DART","https://dart.fss.or.kr/dsab007/main.do?corpCode=00190321","","","",""
"dart_2019_11012_OFS","dart_financial","2019Q2","quarter","","2019 반기보고서 (별도)","DART","https://dart.fss.or.kr/dsab007/main.do?corpCode=00190321","","","",""
"financial_indicator_2019Q2_10230","financial_indicator","2019Q2","quarter","2019-08-07","2019 2Q Financial Indicator","재무 데이터","https://corp.kt.com/attach/irdata/10230/KT_192Q_Financial_Indicator%20F.xlsx","KT_192Q_Financial_Indicator F.xlsx","83449e320cf824f3f619a84abaec4e2540523812de0084fab22a0ba8f45d4dbb","26956","raw/2019Q2/KT_192Q_Financial_Indicator F.xlsx"
"ndr_2019Q2_10232","ndr","2019Q2","quarter","2019-08-09","2019년 2분기 국내 NDR 자료","프리젠테이션","https://corp.kt.com/attach/irdata/10232/2Q19_KT_NDR_PT_KOR_FF_190808.pdf","2Q19_KT_NDR_PT_KOR_FF_190808.pdf","f1c942764eced4dfc27241f1c2f3d0e0cb1299f5d33a729a415b7c07d24b4891","1900464","raw/2019Q2/2Q19_KT_NDR_PT_KOR_FF_190808.pdf"
"dart_2019_11014_CFS","dart_financial","2019Q3","quarter","","2019 3분기보고서 (연결)","DART","https://dart.fss.or.kr/dsab007/main.do?corpCode=00190321","","","",""
"dart_2019_11014_OFS","dart_financial","2019Q3","quarter","","2019 3분기보고서 (별도)","DART","https://dart.fss.or.kr/dsab007/main.do?corpCode=00190321","","","",""
"financial_indicator_2019Q3_10246","financial_indicator","2019Q3","quarter","2019-11-08","2019 3Q Financial Indicator","재무 데이터","https://corp.kt.com/attach/irdata/10246/KT_193Q_Financial_Indicator%20FF.xlsx","KT_193Q_Financial_Indicator FF.xlsx","f857cb275a0236318753ac213898a483b32d691de82282e6c8ef7e0e81f640d5","28033","raw/2019Q3/KT_193Q_Financial_Indicator FF.xlsx"
"ndr_2019Q3_10248","ndr","2019Q3","quarter","2019-11-11","2019년 3분기 국내 NDR 자료","프리젠테이션","https://corp.kt.com/attach/irdata/10248/3Q19_KT_NDR_PT_KOR_fin_v3.pdf","3Q19_KT_NDR_PT_KOR_fin_v3.pdf","3d2e76f38f42347e61714c2dfabf53f840f47ffc087384f93abac452e6e7ecb8","1882097","raw/2019Q3/3Q19_KT_NDR_PT_KOR_fin_v3.pdf"
"financial_indicator_2019Q4_10284","financial_indicator","2019Q4","quarter","2020-02-06","2019 4Q Financial Indicator","재무 데이터","https://corp.kt.com/attach/irdata/10284/KT_194Q_Financial_Indicator%20f.XLSX","KT_194Q_Financial_Indicator f.XLSX","bd1378246df50f5f29ac82a16d3a50d32a043f32544546af662259d56029a704","29264","raw/2019Q4/KT_194Q_Financial_Indicator f.XLSX"
"ndr_2019Q4_10290","ndr","2019Q4","quarter","2020-02-17","2019년 4분기 국내 NDR 자료","프리젠테이션","https://corp.kt.com/attach/irdata/10290/4Q19_KT_NDR_PT_KOR_FIN_0211.pdf","4Q19_KT_NDR_PT_KOR_FIN_0211.pdf","2f00b45200a091b368edb903c03e35d69d7c7178433db1a5d9904ec6015e8497","1798869","raw/2019Q4/4Q19_KT_NDR_PT_KOR_FIN_0211.pdf"
"dart_2020_11011_CFS","dart_financial","2020","year","","2020 사업보고서 (연결)","DART","https://dart.fss.or.kr/dsab007/main.do?corpCode=00190321","","","",""
"dart_2020_11011_OFS","dart_financial","2020","year","","2020 사업보고서 (별도)","DART","https://dart.fss.or.kr/dsab007/main.do?corpCode=00190321","","","",""
"dart_2020_emp","dart_employees","2020","year","","2020 직원 현황","DART","https://dart.fss.or.kr/dsab007/main.do?corpCode=00190321","","","",""
"factsheet_2020-01_10288","factsheet","2020-01","month","2020-02-11","IR Factsheet 2020, 1월호","가입자 현황","https://corp.kt.com/attach/irdata/10288/KT%20IR%20Factsheet_January_2020.xlsx","KT IR Factsheet_January_2020.xlsx","f273f74ad43db084edde6521e30ad41e7421cf10fce8949f5f4869c338b8a270","496860","raw/2020-01/KT IR Factsheet_January_2020.xlsx"
"factsheet_2020-02_10295","factsheet","2020-02","month","2020-03-16","IR Factsheet 2020, 2월호","가입자 현황","https://corp.kt.com/attach/irdata/10295/KT%20IR%20Factsheet_February_2020.xlsx","KT IR Factsheet_February_2020.xlsx","a214b7cc5b270ba902b841f6f4137a373d4dd54a2fb16039b8745fa62b96f800","497136","raw/2020-02/KT IR Factsheet_February_2020.xlsx"
"factsheet_2020-03_10297","factsheet","2020-03","month","2020-04-21","IR Factsheet 2020, 3월호","가입자 현황","https://corp.kt.com/attach/irdata/10297/KT%20IR%20Factsheet_March_2020.xlsx","KT IR Factsheet_March_2020.xlsx","a4eaf17b0367832290af5c49ba09bef6b9b0f1413f34c1d6d4db2052406b2fce","497415","raw/2020-03/KT IR Factsheet_March_2020.xlsx"
"factsheet_2020-04_10311","factsheet","2020-04","month","2020-05-28","IR Factsheet 2020, 4월호","가입자 현황","https://corp.kt.com/attach/irdata/10311/KT%20IR%20Factsheet_April_2020.xlsx","KT IR Factsheet_April_2020.xlsx","a84edf98d9c63dbd243aeb8e79128fda15d316e31f3649ba950dcc83f2f8ab41","497709","raw/2020-04/KT IR Factsheet_April_2020.xlsx"
"factsheet_2020-05_10313","factsheet","2020-05","month","2020-06-29","IR Factsheet 2020, 5월호","가입자 현황","https://corp.kt.com/attach/irdata/10313/KT%20IR%20Factsheet_May_2020.xlsx","KT IR Factsheet_May_2020.xlsx","397e1f6f3bc42064a00b518926ba47dc5d2e4dc7f7a0ef4b5c2fec9022261cfb","498024","raw/2020-05/KT IR Factsheet_May_2020.xlsx"
"factsheet_2020-06_10326","factsheet","2020-06","month","2020-08-10","IR Factsheet 2020, 6월호","가입자 현황","https://corp.kt.com/attach/irdata/10326/KT%20IR%20Factsheet_June_2020.xlsx","KT IR Factsheet_June_2020.xlsx","b0f50cf07af0776b7649664ba5fc648ab39fa7d3a10a77d1d45d2d334b986bc4","498544","raw/2020-06/KT IR Factsheet_June_2020.xlsx"
"factsheet_2020-07_10352","factsheet","2020-07","month","2020-08-27","IR Factsheet 2020, 7월호","가입자 현황","https://corp.kt.com/attach/irdata/10352/KT%20IR%20Factsheet_July_2020.xlsx","KT IR Factsheet_July_2020.xlsx","1c44848f70162a166e37820df2e5a2dbf8ab0238140317b39aa35d9edb3d22aa","498795","raw/2020-07/KT IR Factsheet_July_2020.xlsx"
"factsheet_2020-08_10361","factsheet","2020-08","month","2020-09-22","IR Factsheet 2020, 8월호","가입자 현황","https://corp.kt.com/attach/irdata/10361/KT%20IR%20Factsheet_August_2020.xlsx","KT IR Factsheet_August_2020.xlsx","9b547fb99ebde14ea597162dc556ef849c1c5ee15385ebd10a29f31bdd34ed41","499046","raw/2020-08/KT IR Factsheet_August_2020.xlsx"
"factsheet_2020-09_10377","factsheet","2020-09","month","2020-10-21","IR Factsheet 2020, 9월호","가입자 현황","https://corp.kt.com/attach/irdata/10377/KT%20IR%20Factsheet_September_2020.xlsx","KT IR Factsheet_September_2020.xlsx","daff6fa751ba2d03896302dde1062c5dee5f7e22fd0b9d562ac4df3b0c7d672a","499233","raw/2020-09/KT IR Factsheet_September_2020.xlsx"
"factsheet_2020-10_10385","factsheet","2020-10","month","2020-12-03","IR Factsheet 2020, 10월호","가입자 현황","https://corp.kt.com/attach/irdata/10385/KT%20IR%20Factsheet_October_2020.xlsx","KT IR Factsheet_October_2020.xlsx","6abd0bc480ef6fa785fbbe9d5aa880abfa24ccfde55cc6c6b637687efb4f6065","499642","raw/2020-10/KT IR Factsheet_October_2020.xlsx"
"factsheet_2020-11_10387","factsheet","2020-11","month","2020-12-24","IR Factsheet 2020, 11월호","가입자 현황","https://corp.kt.com/attach/irdata/10387/KT%20IR%20Factsheet_November_2020.xlsx","KT IR Factsheet_November_2020.xlsx","56acdebc68f048a89ba2b9779128917f6cb9bac198bd98aa39bc685c1dca8041","499877","raw/2020-11/KT IR Factsheet_November_2020.xlsx"
"factsheet_2020-12_10396","factsheet","2020-12","month","2021-02-01","IR Factsheet 2020, 12월호","가입자 현황","https://corp.kt.com/attach/irdata/10396/KT%20IR%20Factsheet_December_2020.xlsx","KT IR Factsheet_December_2020.xlsx","ee5039acdbcb557aca2605d938310dbc9415d6c74605a12ffef633c70b0b4e7f","500346","raw/2020-12/KT IR Factsheet_December_2020.xlsx"
"dart_2020_11013_CFS","dart_financial","2020Q1","quarter","","2020 1분기보고서 (연결)","DART","https://dart.fss.or.kr/dsab007/main.do?corpCode=00190321","","","",""
"dart_2020_11013_OFS","dart_financial","2020Q1","quarter","","2020 1분기보고서 (별도)","DART","https://dart.fss.or.kr/dsab007/main.do?corpCode=00190321","","","",""
"financial_indicator_2020Q1_10305","financial_indicator","2020Q1","quarter","2020-05-13","2020 1Q Financial Indicator","재무 데이터","https://corp.kt.com/attach/irdata/10305/KT%201Q20%20Financial_Indicator_FIN.xlsx","KT 1Q20 Financial_Indicator_FIN.xlsx","91bd9aea0eda3eae79008666ef77632fed8ad4f786d56bca73d0d75ff2cf1b76","24604","raw/2020Q1/KT 1Q20 Financial_Indicator_FIN.xlsx"
"ndr_2020Q1_10307","ndr","2020Q1","quarter","2020-05-14","2020년 1분기 국내 NDR 자료","프리젠테이션","https://corp.kt.com/attach/irdata/10307/1Q20_KT_NDR_PT_KOR_F.pdf","1Q20_KT_NDR_PT_KOR_F.pdf","eee4b8c0b52f52ae6e3ec138454833fadca5266f178be80f0df3e84a3930f332","1666640","raw/2020Q1/1Q20_KT_NDR_PT_KOR_F.pdf"
"dart_2020_11012_CFS","dart_financial","2020Q2","quarter","","2020 반기보고서 (연결)","DART","https://dart.fss.or.kr/dsab007/main.do?corpCode=00190321","","","",""
"dart_2020_11012_OFS","dart_financial","2020Q2","quarter","","2020 반기보고서 (별도)","DART","https://dart.fss.or.kr/dsab007/main.do?corpCode=00190321","","","",""
"financial_indicator_2020Q2_10325","financial_indicator","2020Q2","quarter","2020-08-07","2020 2Q Financial Indicator","재무 데이터","https://corp.kt.com/attach/irdata/10325/KT_202Q_Financial_Indicator_FF.xlsx","KT_202Q_Financial_Indicator_FF.xlsx","e27deef292b4283fab4de2ec1bd613ae8af829ca9e0e1e12ffe8812b11e1b04e","24918","raw/2020Q2/KT_202Q_Financial_Indicator_FF.xlsx"
"ndr_2020Q2_10350","ndr","2020Q2","quarter","2020-08-24","2020년 2분기 국문 NDR 자료","프리젠테이션","https://corp.kt.com/attach/irdata/10350/KT%2020Q2%20NDR%20PT%20KOR.pdf","KT 20Q2 NDR PT KOR.pdf","e12bbf8d98f4fd6661e848935d9d30fbceb3079cd9eec07b3c4722f75a863d72","1948080","raw/2020Q2/KT 20Q2 NDR PT KOR.pdf"
"dart_2020_11014_CFS","dart_financial","2020Q3","quarter","","2020 3분기보고서 (연결)","DART","https://dart.fss.or.kr/dsab007/main.do?corpCode=00190321","","","",""
"dart_2020_11014_OFS","dart_financial","2020Q3","quarter","","2020 3분기보고서 (별도)","DART","https://dart.fss.or.kr/dsab007/main.do?corpCode=00190321","","","",""
"ndr_2020Q3_10383","ndr","2020Q3","quarter","2020-11-19","2020년 3분기 국문 NDR 자료","프리젠테이션","https://corp.kt.com/attach/irdata/10383/KT%2020Q3%20NDR%20PT%20KOR_F_HP.PDF","KT 20Q3 NDR PT KOR_F_HP.PDF","a632a464409ff6dc4c64cda47445c47d2d96bc0975cc2dc2ae381f1db42b60f4","2001013","raw/2020Q3/KT 20Q3 NDR PT KOR_F_HP.PDF"
"financial_indicator_2020Q3_10398","financial_indicator","2020Q3","quarter","2021-02-09","2020 3Q Financial Indicator","재무 데이터","https://corp.kt.com/attach/irdata/10398/KT_203Q_Financial_Indicator_F.XLSX","KT_203Q_Financial_Indicator_F.XLSX","258f3fa194a7045c29eeae55e1101199e788f33adc2e287c99b9b4064dcd797d","26179","raw/2020Q3/KT_203Q_Financial_Indicator_F.XLSX"
"financial_indicator_2020Q4_10399","financial_indicator","2020Q4","quarter","2021-02-09","2020 4Q Financial Indicator","재무 데이터","https://corp.kt.com/attach/irdata/10399/KT_204Q_Financial_Indicator_FIN.XLSX","KT_204Q_Financial_Indicator_FIN.XLSX","396c149c80e143317bb1ffa1e9ddc4fcfe22767961c3beccd170d1ec39be8dae","27339","raw/2020Q4/KT_204Q_Financial_Indicator_FIN.XLSX"
"ndr_2020Q4_10402","ndr","2020Q4","quarter","2021-02-17","2020년 4분기 국문 NDR 자료","프리젠테이션","https://corp.kt.com/attach/irdata/10402/4Q20%20KT%20NDR%20PT%20KOR_FIN.pdf","4Q20 KT NDR PT KOR_FIN.pdf","811a1b45998393c62dc19534453610294a87297272d1fb0a02d4ec71d612f882","2640350","raw/2020Q4/4Q20 KT NDR PT KOR_FIN.pdf"
"dart_2021_11011_CFS","dart_financial","2021","year","","2021 사업보고서 (연결)","DART","https://dart.fss.or.kr/dsab007/main.do?corpCode=00190321","","","",""
"dart_2021_11011_OFS","dart_financial","2021","year","","2021 사업보고서 (별도)","DART","https://dart.fss.or.kr/dsab007/main.do?corpCode=00190321","","","",""
"dart_2021_emp","dart_employees","2021","year","","2021 직원 현황","DART","https://dart.fss.or.kr/dsab007/main.do?corpCode=00190321","","","",""
"factsheet_2021-01_10404","factsheet","2021-01","month","2021-02-26","IR Factsheet 2021, 1월호","가입자 현황","https://corp.kt.com/attach/irdata/10404/KT%20IR%20Factsheet_January_2021.xlsx","KT IR Factsheet_January_2021.xlsx","111a8c576de4c303e41ad5cfef978644d051a3f0fb0c6fa1f4f9a6b3c2060d4f","500601","raw/2021-01/KT IR Factsheet_January_2021.xlsx"
"factsheet_2021-02_10407","factsheet","2021-02","month","2021-03-29","IR Factsheet 2021, 2월호","가입자 현황","https://corp.kt.com/attach/irdata/10407/KT%20IR%20Factsheet_February_2021.xlsx","KT IR Factsheet_February_2021.xlsx","4298858fa86cd4800a5e64de0ecbaf3ec0259ab1d666f250ff2044b9597e6520","500835","raw/2021-02/KT IR Factsheet_February_2021.xlsx"
"factsheet_2021-03_10412","factsheet","2021-03","month","2021-04-28","IR Factsheet 2021, 3월호","가입자 현황","https://corp.kt.com/attach/irdata/10412/KT%20IR%20Factsheet_March_2021.xlsx","KT IR Factsheet_March_2021.xlsx","772f5e0ee6701fce21715c84d8cbd0698ce5a778446b662f8b856f520307e3b1","501390","raw/2021-03/KT IR Factsheet_March_2021.xlsx"
"factsheet_2021-04_10426","factsheet","2021-04","month","2021-05-25","IR Factsheet 2021, 4월호","가입자 현황","https://corp.kt.com/attach/irdata/10426/KT%20IR%20Factsheet_April_2021.xlsx","KT IR Factsheet_April_2021.xlsx","5eea39c4636edca159b4b915b1dabcf12872de7377e95d6d601d384931fd59d8","501967","raw/2021-04/KT IR Factsheet_April_2021.xlsx"
"factsheet_2021-05_10439","factsheet","2021-05","month","2021-07-01","IR Factsheet 2021, 5월호","가입자 현황","https://corp.kt.com/attach/irdata/10439/KT%20IR%20Factsheet_May_2021.xlsx","KT IR Factsheet_May_2021.xlsx","7b6cc8fa5dff5f612f00de22c09bacd867c5a8b0627372ea53400dadac24f7ed","502199","raw/2021-05/KT IR Factsheet_May_2021.xlsx"
"factsheet_2021-06_10447","factsheet","2021-06","month","2021-07-27","IR Factsheet 2021, 6월호","가입자 현황","https://corp.kt.com/attach/irdata/10447/KT%20IR%20Factsheet_June_2021.xlsx","KT IR Factsheet_June_2021.xlsx","c7143e324dcc5aab092ed93702361642e639765da1901e480ab03f5c24ee1316","502697","raw/2021-06/KT IR Factsheet_June_2021.xlsx"
"factsheet_2021-07_10455","factsheet","2021-07","month","2021-08-30","IR Factsheet 2021, 7월호","가입자 현황","https://corp.kt.com/attach/irdata/10455/KT%20IR%20Factsheet_July_2021.xlsx","KT IR Factsheet_July_2021.xlsx","ea89ab7aa0c92c79bd37a74157ecfe4026f2d5b314047b58d6655ad51aa8b3dd","502953","raw/2021-07/KT IR Factsheet_July_2021.xlsx"
"factsheet_2021-08_10481","factsheet","2021-08","month","2021-09-29","IR Factsheet 2021, 8월호","가입자 현황","https://corp.kt.com/attach/irdata/10481/KT%20IR%20Factsheet_August_2021.xlsx","KT IR Factsheet_August_2021.xlsx","c290a7d7ca38e9c8306c21f69e8c620a6f0c53139b96d8dffd83030cd9a26924","503198","raw/2021-08/KT IR Factsheet_August_2021.xlsx"
"factsheet_2021-09_10497","factsheet","2021-09","month","2021-11-01","IR Factsheet 2021, 9월호","가입자 현황","https://corp.kt.com/attach/irdata/10497/KT%20IR%20Factsheet_September_2021.xlsx","KT IR Factsheet_September_2021.xlsx","26f08e0c1b41e8fc05df30fb7f351a2e028c76a9848f028f6ce49532e6041f71","503712","raw/2021-09/KT IR Factsheet_September_2021.xlsx"
"factsheet_2021-10_10509","factsheet","2021-10","month","2021-11-30","IR Factsheet 2021, 10월호","가입자 현황","https://corp.kt.com/attach/irdata/10509/KT%20IR%20Factsheet_October_2021.xlsx","KT IR Factsheet_October_2021.xlsx","8b8994e8c10a78624c0b5d574a304d41c705328254b0f8e3eaffa788b5f46580","503950","raw/2021-10/KT IR Factsheet_October_2021.xlsx"
"factsheet_2021-11_10511","factsheet","2021-11","month","2021-12-29","IR Factsheet 2021, 11월호","가입자 현황","https://corp.kt.com/attach/irdata/10511/KT%20IR%20Factsheet_November_2021.xlsx","KT IR Factsheet_November_2021.xlsx","21f4aebc36c6d4f89d0b93bfab31c968f08a4af0d5f512194d5f12ca18e6803f","504149","raw/2021-11/KT IR Factsheet_November_2021.xlsx"
"factsheet_2021-12_10515","factsheet","2021-12","month","2022-02-04","IR Factsheet 2021, 12월호","가입자 현황","https://corp.kt.com/attach/irdata/10515/KT%20IR%20Factsheet_December_2021.xlsx","KT IR Factsheet_December_2021.xlsx","88ac4359beb44aec54afff5ee75f2bdad2bd42d46c354581176dd4aadd8d3eb6","504984","raw/2021-12/KT IR Factsheet_December_2021.xlsx"
"dart_2021_11013_CFS","dart_financial","2021Q1","quarter","","2021 1분기보고서 (연결)","DART","https://dart.fss.or.kr/dsab007/main.do?corpCode=00190321","","","",""
"dart_2021_11013_OFS","dart_financial","2021Q1","quarter","","2021 1분기보고서 (별도)","DART","https://dart.fss.or.kr/dsab007/main.do?corpCode=00190321","","","",""
"ndr_2021Q1_10425","ndr","2021Q1","quarter","2021-05-18","2021년 1분기 국문 NDR 자료","프리젠테이션","https://corp.kt.com/attach/irdata/10425/1Q21%20KT%20NDR%20PT%20KOR%20F.pdf","1Q21 KT NDR PT KOR F.pdf","378d2e6302e7f38da1ee37e9d7ba3f804fad031d6583dacebb83fb822b10f987","1971973","raw/2021Q1/1Q21 KT NDR PT KOR F.pdf"
"financial_indicator_2021Q1_10432","financial_indicator","2021Q1","quarter","2021-06-02","2021 1Q Financial Indicator","재무 데이터","https://corp.kt.com/attach/irdata/10432/KT_211Q_Financial_Indicator_F.xlsx","KT_211Q_Financial_Indicator_F.xlsx","ead4c227ff14bf3fe6165618183dcc2894f81da5c7cca46c9201a50f782dc31f","27556","raw/2021Q1/KT_211Q_Financial_Indicator_F.xlsx"
"dart_2021_11012_CFS","dart_financial","2021Q2","quarter","","2021 반기보고서 (연결)","DART","https://dart.fss.or.kr/dsab007/main.do?corpCode=00190321","","","",""
"dart_2021_11012_OFS","dart_financial","2021Q2","quarter","","2021 반기보고서 (별도)","DART","https://dart.fss.or.kr/dsab007/main.do?corpCode=00190321","","","",""
"ndr_2021Q2_10451","ndr","2021Q2","quarter","2021-08-10","2021년 2분기 국문 NDR 자료","프리젠테이션","https://corp.kt.com/attach/irdata/10451/2Q21%20KT%20NDR%20PT%20KOR_FFF.pdf","2Q21 KT NDR PT KOR_FFF.pdf","5eb2fad1caaf3dafd1061abdd6259d99c0cd5015e1d6cc30310b3ada3aa704e3","1835579","raw/2021Q2/2Q21 KT NDR PT KOR_FFF.pdf"
"financial_indicator_2021Q2_10452","financial_indicator","2021Q2","quarter","2021-08-11","2021 2Q Financial Indicator","재무 데이터","https://corp.kt.com/attach/irdata/10452/KT_212Q_Financial_Indicator_f.xlsx","KT_212Q_Financial_Indicator_f.xlsx","8cb6d1b1b0de81635d1f2be3e780780c6b5907b183a362a3e18be65d0a86d339","28367","raw/2021Q2/KT_212Q_Financial_Indicator_f.xlsx"
"dart_2021_11014_CFS","dart_financial","2021Q3","quarter","","2021 3분기보고서 (연결)","DART","https://dart.fss.or.kr/dsab007/main.do?corpCode=00190321","","","",""
"dart_2021_11014_OFS","dart_financial","2021Q3","quarter","","2021 3분기보고서 (별도)","DART","https://dart.fss.or.kr/dsab007/main.do?corpCode=00190321","","","",""
"financial_indicator_2021Q3_10501","financial_indicator","2021Q3","quarter","2021-11-09","2021 3Q Financial Indicator","재무 데이터","https://corp.kt.com/attach/irdata/10501/KT_213Q_Financial_Indicator_FIN.XLSX","KT_213Q_Financial_Indicator_FIN.XLSX","60589493be6abefedcc43750833df478fb9ac3d11d1fde11feaeff26d81c0e34","28730","raw/2021Q3/KT_213Q_Financial_Indicator_FIN.XLSX"
"ndr_2021Q3_10503","ndr","2021Q3","quarter","2021-11-09","2021년 3분기 국문 NDR 자료","프리젠테이션","https://corp.kt.com/attach/irdata/10503/3Q21%20KT%20NDR%20PT%20KOR_FIN.PDF","3Q21 KT NDR PT KOR_FIN.PDF","86bb3e2d96ae2f997b6911e47d040b100c895a9533fd3befd9357529529450ac","1551083","raw/2021Q3/3Q21 KT NDR PT KOR_FIN.PDF"
"financial_indicator_2021Q4_10519","financial_indicator","2021Q4","quarter","2022-02-09","2021 4Q Financial Indicator","재무 데이터","https://corp.kt.com/attach/irdata/10519/KT_214Q_Financial_Indicator_FIN.XLSX","KT_214Q_Financial_Indicator_FIN.XLSX","deea67091c41bc978e8bb7379cbb02c0f91df19c64ec0586a42b4b1efcca55e1","29491","raw/2021Q4/KT_214Q_Financial_Indicator_FIN.XLSX"
"ndr_2021Q4_10520","ndr","2021Q4","quarter","2022-02-14","2021년 4분기 국문 NDR 자료","프리젠테이션","https://corp.kt.com/attach/irdata/10520/%28FFINAL%29KT%20NDR%20PT%204Q21%20KORv1.pdf","(FFINAL)KT NDR PT 4Q21 KORv1.pdf","030d82c3e5e760081fdb562339d07e26cf17df40d33c38c1307232af2a58ac7c","1853250","raw/2021Q4/(FFINAL)KT NDR PT 4Q21 KORv1.pdf"
"dart_2022_11011_CFS","dart_financial","2022","year","","2022 사업보고서 (연결)","DART","https://dart.fss.or.kr/dsab007/main.do?corpCode=00190321","","","",""
"dart_2022_11011_OFS","dart_financial","2022","year","","2022 사업보고서 (별도)","DART","https://dart.fss.or.kr/dsab007/main.do?corpCode=00190321","","","",""
"dart_2022_emp","dart_employees","2022","year","","2022 직원 현황","DART","https://dart.fss.or.kr/dsab007/main.do?corpCode=00190321","","","",""
"factsheet_2022-01_10525","factsheet","2022-01","month","2022-03-03","IR Factsheet 2022, 1월호","가입자 현황","https://corp.kt.com/attach/irdata/10525/KT%20IR%20Factsheet_January_2022.xlsx","KT IR Factsheet_January_2022.xlsx","b18a76b3451e019f8bd52a7a6c85e5f006d2485bce017892e1d1d9c7d54b2017","505598","raw/2022-01/KT IR Factsheet_January_2022.xlsx"
"factsheet_2022-02_10531","factsheet","2022-02","month","2022-04-05","IR Factsheet 2022, 2월호","가입자 현황","https://corp.kt.com/attach/irdata/10531/KT%20IR%20Factsheet_February_2022.xlsx","KT IR Factsheet_February_2022.xlsx","33a61cb83c60725e9b464d509bbaaf51a62400cf2fd9184e5e2f22c63d50de12","505863","raw/2022-02/KT IR Factsheet_February_2022.xlsx"
"factsheet_2022-03_10535","factsheet","2022-03","month","2022-05-06","IR Factsheet 2022, 3월호","가입자 현황","https://corp.kt.com/attach/irdata/10535/KT%20IR%20Factsheet_March_F.xlsx","KT IR Factsheet_March_F.xlsx","2a4d8d24bc52640a44ea3970c80f3c3288c7298b4b3d1dd82444aacf7c5b020d","505665","raw/2022-03/KT IR Factsheet_March_F.xlsx"
"factsheet_2022-04_10547","factsheet","2022-04","month","2022-06-09","IR Factsheet 2022, 4월호","가입자 현황","https://corp.kt.com/attach/irdata/10547/KT%20IR%20Factsheet_April_F%20%282%29.xlsx","KT IR Factsheet_April_F (2).xlsx","843fd24f5af3058c5103c4e871d18185c210dfc0f0ec52ea9de37573ee75eeed","505940","raw/2022-04/KT IR Factsheet_April_F (2).xlsx"
"factsheet_2022-05_10548","factsheet","2022-05","month","2022-06-30","IR Factsheet 2022, 5월호","가입자 현황","https://corp.kt.com/attach/irdata/10548/KT%20IR%20Factsheet_May_F%20%282%29.xlsx","KT IR Factsheet_May_F (2).xlsx","4689988c909d88c7e0957c4d7f1b8805d898b88fb9add8167c2b22ec307398f0","506154","raw/2022-05/KT IR Factsheet_May_F (2).xlsx"
"factsheet_2022-06_10562","factsheet","2022-06","month","2022-07-29","IR Factsheet 2022, 6월호","가입자 현황","https://corp.kt.com/attach/irdata/10562/KT%20IR%20Factsheet_June_F.xlsx","KT IR Factsheet_June_F.xlsx","db5f2f6e89a832063e095460d126e5b4ed40afa5c2ee2deaf16404d7cbaa687f","506460","raw/2022-06/KT IR Factsheet_June_F.xlsx"
"factsheet_2022-07_10570","factsheet","2022-07","month","2022-08-31","IR Factsheet 2022, 7월호","가입자 현황","https://corp.kt.com/attach/irdata/10570/KT%20IR%20Factsheet_July_F.xlsx","KT IR Factsheet_July_F.xlsx","62b17481eb3baf241073ab5d26dcf7e6a6813f7e243a611aa62dc5a23999afc8","506657","raw/2022-07/KT IR Factsheet_July_F.xlsx"
"factsheet_2022-08_10586","factsheet","2022-08","month","2022-09-30","IR Factsheet 2022, 8월호","가입자 현황","https://corp.kt.com/attach/irdata/10586/KT%20IR%20Factsheet_August_F.xlsx","KT IR Factsheet_August_F.xlsx","c923ef290c3fa5bd48f8f2111a0da4b31065de0ed0f86122e6882bbe0ae678d0","506853","raw/2022-08/KT IR Factsheet_August_F.xlsx"
"factsheet_2022-09_10593","factsheet","2022-09","month","2022-11-01","IR Factsheet 2022, 9월호","가입자 현황","https://corp.kt.com/attach/irdata/10593/KT%20IR%20Factsheet_September_F.xlsx","KT IR Factsheet_September_F.xlsx","ed9a7779e605b91c58b2e13bd3fe74a384b53f42468ad9fc558fdfbfc8d59ec8","507228","raw/2022-09/KT IR Factsheet_September_F.xlsx"
"factsheet_2022-10_10604","factsheet","2022-10","month","2022-12-01","IR Factsheet 2022, 10월호","가입자 현황","https://corp.kt.com/attach/irdata/10604/KT%20IR%20Factsheet_October_F.xlsx","KT IR Factsheet_October_F.xlsx","67a29a93051d5c58e2cb2438097cbc463eeefdcb7a1b0ebcb349c5170f8d279c","507415","raw/2022-10/KT IR Factsheet_October_F.xlsx"
"factsheet_2022-11_10606","factsheet","2022-11","month","2023-01-02","IR Factsheet 2022, 11월호","가입자 현황","https://corp.kt.com/attach/irdata/10606/KT%20IR%20Factsheet_November_F.xlsx","KT IR Factsheet_November_F.xlsx","2925bd96695174bc68e918425e87f035ec9a9cac765a7258a2683645a9c7137b","507688","raw/2022-11/KT IR Factsheet_November_F.xlsx"
"factsheet_2022-12_10611","factsheet","2022-12","month","2023-02-07","IR Factsheet 2022, 12월호","가입자 현황","https://corp.kt.com/attach/irdata/10611/KT%20IR%20Factsheet_22.12_F.xlsx","KT IR Factsheet_22.12_F.xlsx","aa31bd0160fd0d9faa1e327a5263faa41856d002584b9b3c402ea146b3706dac","506935","raw/2022-12/KT IR Factsheet_22.12_F.xlsx"
"dart_2022_11013_CFS","dart_financial","2022Q1","quarter","","2022 1분기보고서 (연결)","DART","https://dart.fss.or.kr/dsab007/main.do?corpCode=00190321","","","",""
"dart_2022_11013_OFS","dart_financial","2022Q1","quarter","","2022 1분기보고서 (별도)","DART","https://dart.fss.or.kr/dsab007/main.do?corpCode=00190321","","","",""
"financial_indicator_2022Q1_10538","financial_indicator","2022Q1","quarter","2022-05-12","2022 1Q Financial Indicator","재무 데이터","https://corp.kt.com/attach/irdata/10538/KT%201Q22_Financial_Indicator_FIN.XLSX","KT 1Q22_Financial_Indicator_FIN.XLSX","de623ebfc6bac7e078af5e678b65505533081cb72fd25193d25b92878a1fe1b1","29983","raw/2022Q1/KT 1Q22_Financial_Indicator_FIN.XLSX"
"ndr_2022Q1_10540","ndr","2022Q1","quarter","2022-05-13","2022년 1분기 국문 NDR 자료","프리젠테이션","https://corp.kt.com/attach/irdata/10540/KT%201Q22_NDR%20PT_KOR_FF.PDF","KT 1Q22_NDR PT_KOR_FF.PDF","d5be66329e2dc7ac668d34098197e91c0087cb0e5ef945e9424b148b84059783","1727134","raw/2022Q1/KT 1Q22_NDR PT_KOR_FF.PDF"
"dart_2022_11012_CFS","dart_financial","2022Q2","quarter","","2022 반기보고서 (연결)","DART","https://dart.fss.or.kr/dsab007/main.do?corpCode=00190321","","","",""
"dart_2022_11012_OFS","dart_financial","2022Q2","quarter","","2022 반기보고서 (별도)","DART","https://dart.fss.or.kr/dsab007/main.do?corpCode=00190321","","","",""
"financial_indicator_2022Q2_10566","financial_indicator","2022Q2","quarter","2022-08-10","2022 2Q Financial Indicator","재무 데이터","https://corp.kt.com/attach/irdata/10566/KT%202Q22_Financial_Indicator_f.xlsx","KT 2Q22_Financial_Indicator_f.xlsx","9869b0b440cb434e51b0a1bd9274435e6bd1e3701c964e020e1d145adcae1fe2","30242","raw/2022Q2/KT 2Q22_Financial_Indicator_f.xlsx"
"ndr_2022Q2_10568","ndr","2022Q2","quarter","2022-08-10","2022년 2분기 국문 NDR 자료","프리젠테이션","https://corp.kt.com/attach/irdata/10568/KT%202Q22_NDR%20PT_KOR_FIN.PDF","KT 2Q22_NDR PT_KOR_FIN.PDF","e19602c78d314900970ce28bec39d316edfea6451a4ca72645613ff5136003b6","1636878","raw/2022Q2/KT 2Q22_NDR PT_KOR_FIN.PDF"
"dart_2022_11014_CFS","dart_financial","2022Q3","quarter","","2022 3분기보고서 (연결)","DART","https://dart.fss.or.kr/dsab007/main.do?corpCode=00190321","","","",""
"dart_2022_11014_OFS","dart_financial","2022Q3","quarter","","2022 3분기보고서 (별도)","DART","https://dart.fss.or.kr/dsab007/main.do?corpCode=00190321","","","",""
"financial_indicator_2022Q3_10599","financial_indicator","2022Q3","quarter","2022-11-08","2022 3Q Financial Indicator","재무 데이터","https://corp.kt.com/attach/irdata/10599/KT%202Q22_Financial_Indicator_FIN.XLSX","KT 2Q22_Financial_Indicator_FIN.XLSX","6c3c0f2562baf4638c94efafa28fc63f3352617619abb149edf3244ca0b40cdb","30438","raw/2022Q3/KT 2Q22_Financial_Indicator_FIN.XLSX"
"ndr_2022Q3_10601","ndr","2022Q3","quarter","2022-11-10","2022년 3분기 국문 NDR 자료","프리젠테이션","https://corp.kt.com/attach/irdata/10601/KT%203Q22_NDR%20PT_KOR_FIN.PDF","KT 3Q22_NDR PT_KOR_FIN.PDF","e20c488cb05daa3ad416626f4f79ae1c166ab436dbd8cad013514c7795c82542","1702944","raw/2022Q3/KT 3Q22_NDR PT_KOR_FIN.PDF"
"financial_indicator_2022Q4_10614","financial_indicator","2022Q4","quarter","2023-02-09","2022 4Q Financial Indicator","재무 데이터","https://corp.kt.com/attach/irdata/10614/KT%204Q22_Financial_Indicator_FIN.XLSX","KT 4Q22_Financial_Indicator_FIN.XLSX","f4453a4bc71c3566b66046ab00650a1d373fd8b1c32601d47278d460bad3ed15","31058","raw/2022Q4/KT 4Q22_Financial_Indicator_FIN.XLSX"
"ndr_2022Q4_10615","ndr","2022Q4","quarter","2023-02-10","2022년 4분기 국문 NDR 자료","프리젠테이션","https://corp.kt.com/attach/irdata/10615/KT%204Q22_NDR%20PT_KOR_F.pdf","KT 4Q22_NDR PT_KOR_F.pdf","3f9d053ba30e0bc4ad3e4ff81c01cf597b3de59ad17001623ff50be6dec9f0fe","1212557","raw/2022Q4/KT 4Q22_NDR PT_KOR_F.pdf"
"dart_2023_11011_CFS","dart_financial","2023","year","","2023 사업보고서 (연결)","DART","https://dart.fss.or.kr/dsab007/main.do?corpCode=00190321","","","",""
"dart_2023_11011_OFS","dart_financial","2023","year","","2023 사업보고서 (별도)","DART","https://dart.fss.or.kr/dsab007/main.do?corpCode=00190321","","","",""
"dart_2023_emp","dart_employees","2023","year","","2023 직원 현황","DART","https://dart.fss.or.kr/dsab007/main.do?corpCode=00190321","","","",""
"factsheet_2023-01_10617","factsheet","2023-01","month","2023-02-28","IR Factsheet 2023, 1월호","가입자 현황","https://corp.kt.com/attach/irdata/10617/KT%20IR%20Factsheet_23.1_F.xlsx","KT IR Factsheet_23.1_F.xlsx","0bd86844de5aabd1a42c013f496397b8411a57aa086c112850fcd965f2b5eb9c","464085","raw/2023-01/KT IR Factsheet_23.1_F.xlsx"
"factsheet_2023-02_10627","factsheet","2023-02","month","2023-03-22","IR Factsheet 2023, 2월호","가입자 현황","https://corp.kt.com/attach/irdata/10627/KT%20IR%20Factsheet_23.2_F.xlsx","KT IR Factsheet_23.2_F.xlsx","aa794273578017f7d3187543dccdc38f74f3eba73d27858c5b5cd45d2db6cb45","464288","raw/2023-02/KT IR Factsheet_23.2_F.xlsx"
"factsheet_2023-03_10634","factsheet","2023-03","month","2023-04-26","IR Factsheet 2023, 3월호","가입자 현황","https://corp.kt.com/attach/irdata/10634/KT%20IR%20Factsheet_23.3_F.xlsx","KT IR Factsheet_23.3_F.xlsx","04838b66303949f5143d2572ad7140a61132672cf6c55bcf14ba59de7ae15c3a","464635","raw/2023-03/KT IR Factsheet_23.3_F.xlsx"
"factsheet_2023-04_10654","factsheet","2023-04","month","2023-05-23","IR Factsheet 2023, 4월호","가입자 현황","https://corp.kt.com/attach/irdata/10654/KT%20IR%20Factsheet_23.4_F.xlsx","KT IR Factsheet_23.4_F.xlsx","c936659252a90c9854b78bd9499f0196b442a27afe233e7d8a5ed5a2f303a26f","465159","raw/2023-04/KT IR Factsheet_23.4_F.xlsx"
"factsheet_2023-05_10657","factsheet","2023-05","month","2023-06-20","IR Factsheet 2023, 5월호","가입자 현황","https://corp.kt.com/attach/irdata/10657/KT%20IR%20Factsheet_23.5_F.xlsx","KT IR Factsheet_23.5_F.xlsx","d9ea4c1f87dbe10e559c3bf52a3ba8779412660e845a3803f966345ad16342da","465581","raw/2023-05/KT IR Factsheet_23.5_F.xlsx"
"factsheet_2023-06_10667","factsheet","2023-06","month","2023-07-25","IR Factsheet 2023, 6월호","가입자 현황","https://corp.kt.com/attach/irdata/10667/KT%20IR%20Factsheet_23.6_F.xlsx","KT IR Factsheet_23.6_F.xlsx","b93e2cc5c673f34aebea8a077b72930c25df90c2699bea4165aefb7d8bfa0868","465067","raw/2023-06/KT IR Factsheet_23.6_F.xlsx"
"factsheet_2023-07_10682","factsheet","2023-07","month","2023-08-24","IR Factsheet 2023, 7월호","가입자 현황","https://corp.kt.com/attach/irdata/10682/KT%20IR%20Factsheet_23.7_F.xlsx","KT IR Factsheet_23.7_F.xlsx","aed5aa00d3be993ab97cb31da17c3818c718bdac08640d0208c4ce0aeba5de95","465294","raw/2023-07/KT IR Factsheet_23.7_F.xlsx"
"factsheet_2023-08_10684","factsheet","2023-08","month","2023-09-25","IR Factsheet 2023, 8월호","가입자 현황","https://corp.kt.com/attach/irdata/10684/KT%20IR%20Factsheet_23.8_F.xlsx","KT IR Factsheet_23.8_F.xlsx","c118123701ce590e6e6fb9abd554a8ae998e4ac26e920cdee8444858130722d0","465666","raw/2023-08/KT IR Factsheet_23.8_F.xlsx"
"factsheet_2023-09_10690","factsheet","2023-09","month","2023-10-25","IR Factsheet 2023, 9월호","가입자 현황","https://corp.kt.com/attach/irdata/10690/KT%20IR%20Factsheet_23.9_F.xlsx","KT IR Factsheet_23.9_F.xlsx","b1d45bee891120d91da8308239e7d5472e158a8a4acf8f641f960499c6efddd8","588015","raw/2023-09/KT IR Factsheet_23.9_F.xlsx"
"factsheet_2023-10_10716","factsheet","2023-10","month","2023-12-04","IR Factsheet 2023, 10월호","가입자 현황","https://corp.kt.com/attach/irdata/10716/KT%20IR%20Factsheet_23.10_F.xlsx","KT IR Factsheet_23.10_F.xlsx","5008839f8673bb0de9eb4524007672b21e93645ec10a22c442db5263e72e2539","588313","raw/2023-10/KT IR Factsheet_23.10_F.xlsx"
"factsheet_2023-11_10718","factsheet","2023-11","month","2024-01-05","IR Factsheet 2023, 11월호","가입자 현황","https://corp.kt.com/attach/irdata/10718/KT%20IR%20Factsheet_23.11_vF.xlsx","KT IR Factsheet_23.11_vF.xlsx","c15eb344dad7c828108ae86d29bd80f4a87f6cd4afb37ca45fe3ebe938d14b6a","579467","raw/2023-11/KT IR Factsheet_23.11_vF.xlsx"
"factsheet_2023-12_10729","factsheet","2023-12","month","2024-02-08","IR Factsheet 2023, 12월호","가입자 현황","https://corp.kt.com/attach/irdata/10729/KT%20IR%20Factsheet_23.12_F.xlsx","KT IR Factsheet_23.12_F.xlsx","ef67c702b226d434fcbf6b5e641932a50e8983056ca8df88ab02b1d2329c3e17","578457","raw/2023-12/KT IR Factsheet_23.12_F.xlsx"
"dart_2023_11013_CFS","dart_financial","2023Q1","quarter","","2023 1분기보고서 (연결)","DART","https://dart.fss.or.kr/dsab007/main.do?corpCode=00190321","","","",""
"dart_2023_11013_OFS","dart_financial","2023Q1","quarter","","2023 1분기보고서 (별도)","DART","https://dart.fss.or.kr/dsab007/main.do?corpCode=00190321","","","",""
"financial_indicator_2023Q1_10648","financial_indicator","2023Q1","quarter","2023-05-11","2023 1Q Financial Indicator","재무 데이터","https://corp.kt.com/attach/irdata/10648/KT%201Q23_Financial_Indicator_F.XLSX","KT 1Q23_Financial_Indicator_F.XLSX","c7d0cce8d7a9f51862de78c72d6ab0f48638cb411be552f7da95a2b045bf7a69","31391","raw/2023Q1/KT 1Q23_Financial_Indicator_F.XLSX"
"ndr_2023Q1_10652","ndr","2023Q1","quarter","2023-05-11","2023년 1분기 국문 NDR 자료","프리젠테이션","https://corp.kt.com/attach/irdata/10652/KT%201Q23_NDR_KOR_F.pdf","KT 1Q23_NDR_KOR_F.pdf","7056898efa79dbf3ea79de4d99b74925a2414c9722d02a048243e3a7882391e5","1307325","raw/2023Q1/KT 1Q23_NDR_KOR_F.pdf"
"dart_2023_11012_CFS","dart_financial","2023Q2","quarter","","2023 반기보고서 (연결)","DART","https://dart.fss.or.kr/dsab007/main.do?corpCode=00190321","","","",""
"dart_2023_11012_OFS","dart_financial","2023Q2","quarter","","2023 반기보고서 (별도)","DART","https://dart.fss.or.kr/dsab007/main.do?corpCode=00190321","","","",""
"financial_indicator_2023Q2_10675","financial_indicator","2023Q2","quarter","2023-08-07","2023 2Q Financial Indicator","재무 데이터","https://corp.kt.com/attach/irdata/10675/KT%202Q23_Financial_Indicator_FIN.XLSX","KT 2Q23_Financial_Indicator_FIN.XLSX","fa00104b51294cb5d31d7e9eef30df7acdfec31159d8d2d7bb18106fcdb0db9b","30776","raw/2023Q2/KT 2Q23_Financial_Indicator_FIN.XLSX"
"ndr_2023Q2_10679","ndr","2023Q2","quarter","2023-08-14","2023년 2분기 국문 NDR 자료","프리젠테이션","https://corp.kt.com/attach/irdata/10679/KT%202Q23_NDR_KOR_F.pdf","KT 2Q23_NDR_KOR_F.pdf","6f3e2179630a177a4b8bdd1da54d459d5c2a12c42a2019d89c19ea90b2132cd4","1094721","raw/2023Q2/KT 2Q23_NDR_KOR_F.pdf"
"dart_2023_11014_CFS","dart_financial","2023Q3","quarter","","2023 3분기보고서 (연결)","DART","https://dart.fss.or.kr/dsab007/main.do?corpCode=00190321","","","",""
"dart_2023_11014_OFS","dart_financial","2023Q3","quarter","","2023 3분기보고서 (별도)","DART","https://dart.fss.or.kr/dsab007/main.do?corpCode=00190321","","","",""
"financial_indicator_2023Q3_10697","financial_indicator","2023Q3","quarter","2023-11-07","2023 3Q Financial Indicator","재무 데이터","https://corp.kt.com/attach/irdata/10697/KT%203Q23_Financial_Indicator_F.XLSX","KT 3Q23_Financial_Indicator_F.XLSX","fee274b65dddfa40dbadb242903179d2d688dd80946817c83e37b052b828977d","31765","raw/2023Q3/KT 3Q23_Financial_Indicator_F.XLSX"
"ndr_2023Q3_10700","ndr","2023Q3","quarter","2023-11-08","2023년 3분기 국문 NDR 자료","프리젠테이션","https://corp.kt.com/attach/irdata/10700/KT%203Q23_NDR_KOR_F.pdf","KT 3Q23_NDR_KOR_F.pdf","25f182f51dfe87c4766bb13bd6a640ea90834642a1f320deffc213f3ca9b10a7","932288","raw/2023Q3/KT 3Q23_NDR_KOR_F.pdf"
"financial_indicator_2023Q4_10725","financial_indicator","2023Q4","quarter","2024-02-08","2023 4Q Financial Indicator","재무 데이터","https://corp.kt.com/attach/irdata/10725/KT%204Q23_Financial_Indicator_FIN.XLSX","KT 4Q23_Financial_Indicator_FIN.XLSX","9afca7dd1926ec8f0000ec6a315063230e109992e9775952f2e245b89dd51d41","21017","raw/2023Q4/KT 4Q23_Financial_Indicator_FIN.XLSX"
"ndr_2023Q4_10731","ndr","2023Q4","quarter","2024-02-13","2023년 4분기 국문 NDR 자료","프리젠테이션","https://corp.kt.com/attach/irdata/10731/4Q23_KT_NDR_PT_KOR_240408_FIN.pdf","4Q23_KT_NDR_PT_KOR_240408_FIN.pdf","5a97042701a758b3762f19d30d348440e27e8d17365d5a6d7068bbaa878f4030","1027279","raw/2023Q4/4Q23_KT_NDR_PT_KOR_240408_FIN.pdf"
"dart_2024_11011_CFS","dart_financial","2024","year","","2024 사업보고서 (연결)","DART","https://dart.fss.or.kr/dsab007/main.do?corpCode=00190321","","","",""
"dart_2024_11011_OFS","dart_financial","2024","year","","2024 사업보고서 (별도)","DART","https://dart.fss.or.kr/dsab007/main.do?corpCode=00190321","","","",""
"dart_2024_emp","dart_employees","2024","year","","2024 직원 현황","DART","https://dart.fss.or.kr/dsab007/main.do?corpCode=00190321","","","",""
"factsheet_2024-01_10733","factsheet","2024-01","month","2024-03-04","IR Factsheet 2024, 1월호","가입자 현황","https://corp.kt.com/attach/irdata/10733/KT%20IR%20Factsheet_24.1_F.xlsx","KT IR Factsheet_24.1_F.xlsx","50c57cccfa66ed3f3cb661b8d1a8ad7f0fc30fb27e69b311c8424b3788fe88d1","578635","raw/2024-01/KT IR Factsheet_24.1_F.xlsx"
"factsheet_2024-02_10739","factsheet","2024-02","month","2024-04-08","IR Factsheet 2024, 2월호","가입자 현황","https://corp.kt.com/attach/irdata/10739/KT%20IR%20Factsheet_24.2_F.xlsx","KT IR Factsheet_24.2_F.xlsx","7a75e5c7fe418da9600690c459467a9fc578a89574706dd8c10edb69ed63eccd","578802","raw/2024-02/KT IR Factsheet_24.2_F.xlsx"
"factsheet_2024-03_10743","factsheet","2024-03","month","2024-05-10","IR Factsheet 2024, 3월호","가입자 현황","https://corp.kt.com/attach/irdata/10743/KT%20IR%20Factsheet_24.3_FF.xlsx","KT IR Factsheet_24.3_FF.xlsx","da6dd82af2f0b00144f4ce5e7ef4bfe444344f5aaea5d9431294655fdd35a8b0","502264","raw/2024-03/KT IR Factsheet_24.3_FF.xlsx"
"factsheet_2024-04_10754","factsheet","2024-04","month","2024-05-30","IR Factsheet 2024, 4월호","가입자 현황","https://corp.kt.com/attach/irdata/10754/KT%20IR%20Factsheet_24.4_FF.xlsx","KT IR Factsheet_24.4_FF.xlsx","74ca8f146d9f4b00169621070f6bc4f7792b66bee6a029ee92df5a743d566180","502379","raw/2024-04/KT IR Factsheet_24.4_FF.xlsx"
"factsheet_2024-05_10761","factsheet","2024-05","month","2024-07-16","IR Factsheet 2024, 5월호","가입자 현황","https://corp.kt.com/attach/irdata/10761/KT%20IR%20Factsheet_24.5_FF.xlsx","KT IR Factsheet_24.5_FF.xlsx","b983ef3e9e451d9b7d63cfaea755ce75f4b7f9fcd21920bae0bf89f4d68412bb","503190","raw/2024-05/KT IR Factsheet_24.5_FF.xlsx"
"factsheet_2024-06_10769","factsheet","2024-06","month","2024-08-09","IR Factsheet 2024, 6월호","가입자 현황","https://corp.kt.com/attach/irdata/10769/KT%20IR%20Factsheet_24.6_FF%20%281%29.xlsx","KT IR Factsheet_24.6_FF (1).xlsx","fdc69f49dc80caf01076c8b13a2c9e9783867183bdacbb76d00579456c0d0361","503464","raw/2024-06/KT IR Factsheet_24.6_FF (1).xlsx"
"factsheet_2024-07_10772","factsheet","2024-07","month","2024-08-29","IR Factsheet 2024, 7월호","가입자 현황","https://corp.kt.com/attach/irdata/10772/KT%20IR%20Factsheet_24.7_FF%20%281%29.xlsx","KT IR Factsheet_24.7_FF (1).xlsx","c6928898911022a681e9c9ee730c799d39c8df49ee2328459cdf7caa3ea0d0e1","502581","raw/2024-07/KT IR Factsheet_24.7_FF (1).xlsx"
"factsheet_2024-08_10777","factsheet","2024-08","month","2024-09-26","IR Factsheet 2024, 8월호","가입자 현황","https://corp.kt.com/attach/irdata/10777/KT%20IR%20Factsheet_24.8_FF%20%281%29.xlsx","KT IR Factsheet_24.8_FF (1).xlsx","ab783c9e39f64735ee2ccfe18a9a67ece0fe3d411851a44d68145615efd30dcc","502723","raw/2024-08/KT IR Factsheet_24.8_FF (1).xlsx"
"factsheet_2024-09_10792","factsheet","2024-09","month","2024-11-08","IR Factsheet 2024, 9월호","가입자 현황","https://corp.kt.com/attach/irdata/10792/KT%20IR%20Factsheet_24.9_FF%20%281%29.xlsx","KT IR Factsheet_24.9_FF (1).xlsx","ff7fe74c2a5ed4bc78d40eff46d394e49f7dcf2e8011205df92bed9466bdeaed","502951","raw/2024-09/KT IR Factsheet_24.9_FF (1).xlsx"
"factsheet_2024-10_10798","factsheet","2024-10","month","2024-11-25","IR Factsheet 2024, 10월호","가입자 현황","https://corp.kt.com/attach/irdata/10798/KT%20IR%20Factsheet_24.10_FF%20%281%29.xlsx","KT IR Factsheet_24.10_FF (1).xlsx","b8236f4f040c30edef0df7c48a53761fa9ef3853be128d99f04afe0a02a8239a","503074","raw/2024-10/KT IR Factsheet_24.10_FF (1).xlsx"
"factsheet_2024-11_10800","factsheet","2024-11","month","2024-12-23","IR Factsheet 2024, 11월호","가입자 현황","https://corp.kt.com/attach/irdata/10800/KT%20IR%20Factsheet_24.11_FF%20%281%29.xlsx","KT IR Factsheet_24.11_FF (1).xlsx","8ef3d4a46993db7715bee3bb76d075edd7a66a61f8ca914142330e993e4660ad","503208","raw/2024-11/KT IR Factsheet_24.11_FF (1).xlsx"
"factsheet_2024-12_10808","factsheet","2024-12","month","2025-02-13","IR Factsheet 2024, 12월호","가입자 현황","https://corp.kt.com/attach/irdata/10808/KT%20IR%20Factsheet_24.12_FF%20%282%29.xlsx","KT IR Factsheet_24.12_FF (2).xlsx","c7c339345425d114f9e078017c66b10b73d6037f6edf689285d55389df3f16be","503424","raw/2024-12/KT IR Factsheet_24.12_FF (2).xlsx"
"dart_2024_11013_CFS","dart_financial","2024Q1","quarter","","2024 1분기보고서 (연결)","DART","https://dart.fss.or.kr/dsab007/main.do?corpCode=00190321","","","",""
"dart_2024_11013_OFS","dart_financial","2024Q1","quarter","","2024 1분기보고서 (별도)","DART","https://dart.fss.or.kr/dsab007/main.do?corpCode=00190321","","","",""
"financial_indicator_2024Q1_10746","financial_indicator","2024Q1","quarter","2024-05-10","2024 1Q Financial Indicator","재무 데이터","https://corp.kt.com/attach/irdata/10746/KT%201Q24_Financial_Indicator_FF.XLSX","KT 1Q24_Financial_Indicator_FF.XLSX","3bbfc83468028f290a8687de2cefaa8539c6cc1f8d9178520f6bd299c7cc8687","21283","raw/2024Q1/KT 1Q24_Financial_Indicator_FF.XLSX"
"ndr_2024Q1_10752","ndr","2024Q1","quarter","2024-05-10","2024년 1분기 국문 NDR 자료","프리젠테이션","https://corp.kt.com/attach/irdata/10752/1Q24_KT_NDR_PT_KOR_FF.pdf","1Q24_KT_NDR_PT_KOR_FF.pdf","f4677e6c6e9ac6acd4efbbec1719c92c506d7fb668f9182da0c13c5b47c42e25","887205","raw/2024Q1/1Q24_KT_NDR_PT_KOR_FF.pdf"
"dart_2024_11012_CFS","dart_financial","2024Q2","quarter","","2024 반기보고서 (연결)","DART","https://dart.fss.or.kr/dsab007/main.do?corpCode=00190321","","","",""
"dart_2024_11012_OFS","dart_financial","2024Q2","quarter","","2024 반기보고서 (별도)","DART","https://dart.fss.or.kr/dsab007/main.do?corpCode=00190321","","","",""
"financial_indicator_2024Q2_10766","financial_indicator","2024Q2","quarter","2024-08-09","2024 2Q Financial Indicator","재무 데이터","https://corp.kt.com/attach/irdata/10766/KT%202Q24_Financial_Indicator_FIN.XLSX","KT 2Q24_Financial_Indicator_FIN.XLSX","9006462c8ab25fefaf42f868758fc06155462b97300ed55948d0d97e4301515a","20948","raw/2024Q2/KT 2Q24_Financial_Indicator_FIN.XLSX"
"ndr_2024Q2_10767","ndr","2024Q2","quarter","2024-08-09","2024년 2분기 국문 NDR 자료","프리젠테이션","https://corp.kt.com/attach/irdata/10767/2Q24_KT_NDR_PT_KOR_FF.pdf","2Q24_KT_NDR_PT_KOR_FF.pdf","8af5adfadc0b80e9193c8a323d59acfffef6b1149fefc568bad7edd2439d35b4","935454","raw/2024Q2/2Q24_KT_NDR_PT_KOR_FF.pdf"
"dart_2024_11014_CFS","dart_financial","2024Q3","quarter","","2024 3분기보고서 (연결)","DART","https://dart.fss.or.kr/dsab007/main.do?corpCode=00190321","","","",""
"dart_2024_11014_OFS","dart_financial","2024Q3","quarter","","2024 3분기보고서 (별도)","DART","https://dart.fss.or.kr/dsab007/main.do?corpCode=00190321","","","",""
"financial_indicator_2024Q3_10791","financial_indicator","2024Q3","quarter","2024-11-08","2024 3Q Financial Indicator","재무 데이터","https://corp.kt.com/attach/irdata/10791/KT%203Q24_Financial_Indicator_Final.XLSX","KT 3Q24_Financial_Indicator_Final.XLSX","dbfba87dfe8bda51f91bf45d1fb8e1dfec37b1aafa16a9793f76589c7750daf0","21220","raw/2024Q3/KT 3Q24_Financial_Indicator_Final.XLSX"
"ndr_2024Q3_10794","ndr","2024Q3","quarter","2024-11-11","2024년 3분기 국문 NDR 자료","프리젠테이션","https://corp.kt.com/attach/irdata/10794/3Q24_KT_NDR_PT_KOR_FF.pdf","3Q24_KT_NDR_PT_KOR_FF.pdf","3f91e0766ac0e312c8497bb9b76d3d0a3fe59460f00d27d3be0e4bd96597d80e","1204971","raw/2024Q3/3Q24_KT_NDR_PT_KOR_FF.pdf"
"financial_indicator_2024Q4_10806","financial_indicator","2024Q4","quarter","2025-02-13","2024 4Q Financial Indicator","재무 데이터","https://corp.kt.com/attach/irdata/10806/KT%204Q24_Financial_Indicator_FFIN.XLSX","KT 4Q24_Financial_Indicator_FFIN.XLSX","9f500775822680e5ab3a000eee7c11f3bae81b3b6cac8bf9f12529f0cce0b308","23333","raw/2024Q4/KT 4Q24_Financial_Indicator_FFIN.XLSX"
"ndr_2024Q4_10810","ndr","2024Q4","quarter","2025-02-17","2024년 4분기 국문 NDR 자료","프리젠테이션","https://corp.kt.com/attach/irdata/10810/4Q24_KT_NDR_PT_KOR_FF.pdf","4Q24_KT_NDR_PT_KOR_FF.pdf","2bcb6e0672b143261e9241b09ef055b162f27bc63b8bf58c2e83e691fac66600","996074","raw/2024Q4/4Q24_KT_NDR_PT_KOR_FF.pdf"
"dart_2025_11011_CFS","dart_financial","2025","year","","2025 사업보고서 (연결)","DART","https://dart.fss.or.kr/dsab007/main.do?corpCode=00190321","","","",""
"dart_2025_11011_OFS","dart_financial","2025","year","","2025 사업보고서 (별도)","DART","https://dart.fss.or.kr/dsab007/main.do?corpCode=00190321","","","",""
"dart_2025_emp","dart_employees","2025","year","","2025 직원 현황","DART","https://dart.fss.or.kr/dsab007/main.do?corpCode=00190321","","","",""
"factsheet_2025-01_10812","factsheet","2025-01","month","2025-02-26","IR Factsheet 2025, 1월호","가입자 현황","https://corp.kt.com/attach/irdata/10812/KT%20IR%20Factsheet_25.1_FF.xlsx","KT IR Factsheet_25.1_FF.xlsx","557d3971081daef8306935bcea6cdecd022125ba6a5eeec0551ca3e76e9f78c4","503614","raw/2025-01/KT IR Factsheet_25.1_FF.xlsx"
"factsheet_2025-02_10817","factsheet","2025-02","month","2025-03-25","IR Factsheet 2025, 2월호","가입자 현황","https://corp.kt.com/attach/irdata/10817/KT%20IR%20Factsheet_25.2_FF.xlsx","KT IR Factsheet_25.2_FF.xlsx","49b40af4f562e8172e69cfb283b0e1ab5d99b4f3ae3518b68932cc041b91afe7","503783","raw/2025-02/KT IR Factsheet_25.2_FF.xlsx"
"factsheet_2025-03_10826","factsheet","2025-03","month","2025-05-09","IR Factsheet 2025, 3월호","가입자 현황","https://corp.kt.com/attach/irdata/10826/KT%20IR%20Factsheet_25.3_FF.xlsx","KT IR Factsheet_25.3_FF.xlsx","153dfb67385cf91f553eeb78a4264d1a7cdbfdd1ba296bf40f217b3ab7f76709","503966","raw/2025-03/KT IR Factsheet_25.3_FF.xlsx"
"factsheet_2025-04_10828","factsheet","2025-04","month","2025-05-26","IR Factsheet 2025, 4월호","가입자 현황","https://corp.kt.com/attach/irdata/10828/KT%20IR%20Factsheet_25.4_F.xlsx","KT IR Factsheet_25.4_F.xlsx","f2226950725bf9b1f28927b43a8e022b63f4bb060498afcfcad01feb45a74c62","504109","raw/2025-04/KT IR Factsheet_25.4_F.xlsx"
"factsheet_2025-05_10831","factsheet","2025-05","month","2025-06-30","IR Factsheet 2025, 5월호","가입자 현황","https://corp.kt.com/attach/irdata/10831/KT%20IR%20Factsheet_25.5.xlsx","KT IR Factsheet_25.5.xlsx","bfc4942484f9a883c56a0f3932678630fa967dcfc6bc509a568a4f8318aa8039","504277","raw/2025-05/KT IR Factsheet_25.5.xlsx"
"factsheet_2025-06_10841","factsheet","2025-06","month","2025-08-11","IR Factsheet 2025, 6월호","가입자 현황","https://corp.kt.com/attach/irdata/10841/KT%20IR%20Factsheet_25.6.xlsx","KT IR Factsheet_25.6.xlsx","9b29179b759ea5760b1c9c5fd698ada0625669301d67dca800dfbaea77c1bc2a","504526","raw/2025-06/KT IR Factsheet_25.6.xlsx"
"factsheet_2025-07_10843","factsheet","2025-07","month","2025-08-28","IR Factsheet 2025, 7월호","가입자 현황","https://corp.kt.com/attach/irdata/10843/KT%20IR%20Factsheet_25.7_F.xlsx","KT IR Factsheet_25.7_F.xlsx","9bdc4c9a1af19addcb637b20276fd2c2b8976e5f40d39ce13a5366f1ece91b30","504699","raw/2025-07/KT IR Factsheet_25.7_F.xlsx"
"factsheet_2025-08_10847","factsheet","2025-08","month","2025-10-01","IR Factsheet 2025, 8월호","가입자 현황","https://corp.kt.com/attach/irdata/10847/KT%20IR%20Factsheet_25.8.xlsx","KT IR Factsheet_25.8.xlsx","d902b0b46794abac8dfbe02dadab233d464322170ca40a13b14f5f87e8ce3c87","504862","raw/2025-08/KT IR Factsheet_25.8.xlsx"
"factsheet_2025-09_10855","factsheet","2025-09","month","2025-11-07","IR Factsheet 2025, 9월호","가입자 현황","https://corp.kt.com/attach/irdata/10855/KT%20IR%20Factsheet_25.9_F.xlsx","KT IR Factsheet_25.9_F.xlsx","b91045c9dd9397fd880f307f6d2fb01b5b61e3d214d597649d84c461fc19094b","505084","raw/2025-09/KT IR Factsheet_25.9_F.xlsx"
"factsheet_2025-10_10859","factsheet","2025-10","month","2025-11-25","IR Factsheet 2025, 10월호","가입자 현황","https://corp.kt.com/attach/irdata/10859/KT%20IR%20Factsheet_25.10.xlsx","KT IR Factsheet_25.10.xlsx","68259f51a3849f3359ab23fcb07f09b1350569f06a9c9d93b5324641e61b2310","505209","raw/2025-10/KT IR Factsheet_25.10.xlsx"
"factsheet_2025-11_10863","factsheet","2025-11","month","2025-12-30","IR Factsheet 2025, 11월호","가입자 현황","https://corp.kt.com/attach/irdata/10863/KT%20IR%20Factsheet_25.11.xlsx","KT IR Factsheet_25.11.xlsx","b29b2950893c1bc42de4362641ebed334cfebf4e421788cb103c7ab9cc929391","505422","raw/2025-11/KT IR Factsheet_25.11.xlsx"
"factsheet_2025-12_10869","factsheet","2025-12","month","2026-02-10","IR Factsheet 2025, 12월호","가입자 현황","https://corp.kt.com/attach/irdata/10869/KT%20IR%20Factsheet_25.12.xlsx","KT IR Factsheet_25.12.xlsx","26bb6310c7457a3905c5a265120246fc7eef2040cd1d803b6245fdde95f099e4","397372","raw/2025-12/KT IR Factsheet_25.12.xlsx"
"dart_2025_11013_CFS","dart_financial","2025Q1","quarter","","2025 1분기보고서 (연결)","DART","https://dart.fss.or.kr/dsab007/main.do?corpCode=00190321","","","",""
"dart_2025_11013_OFS","dart_financial","2025Q1","quarter","","2025 1분기보고서 (별도)","DART","https://dart.fss.or.kr/dsab007/main.do?corpCode=00190321","","","",""
"financial_indicator_2025Q1_10822","financial_indicator","2025Q1","quarter","2025-05-09","2025 1Q Financial Indicator","재무 데이터","https://corp.kt.com/attach/irdata/10822/KT%201Q25_Financial_Indicator_FF.XLSX","KT 1Q25_Financial_Indicator_FF.XLSX","0f5fd056de1b6ab4e18436e4e3b6ba863fc78853583ccc9e1cc8511e3d58c902","19362","raw/2025Q1/KT 1Q25_Financial_Indicator_FF.XLSX"
"ndr_2025Q1_10824","ndr","2025Q1","quarter","2025-05-09","2025년 1분기 국문 NDR 자료","프리젠테이션","https://corp.kt.com/attach/irdata/10824/1Q25_KT_NDR_PT_KOR_FFIN.pdf","1Q25_KT_NDR_PT_KOR_FFIN.pdf","fb9ec4d4e918a7a84bce7358b290a1ddbb3e50311879849d361c2ddf87ee9af5","991632","raw/2025Q1/1Q25_KT_NDR_PT_KOR_FFIN.pdf"
"dart_2025_11012_CFS","dart_financial","2025Q2","quarter","","2025 반기보고서 (연결)","DART","https://dart.fss.or.kr/dsab007/main.do?corpCode=00190321","","","",""
"dart_2025_11012_OFS","dart_financial","2025Q2","quarter","","2025 반기보고서 (별도)","DART","https://dart.fss.or.kr/dsab007/main.do?corpCode=00190321","","","",""
"financial_indicator_2025Q2_10837","financial_indicator","2025Q2","quarter","2025-08-11","2025 2Q Financial Indicator","재무 데이터","https://corp.kt.com/attach/irdata/10837/KT%202Q25_Financial_Indicator_FIN.XLSX","KT 2Q25_Financial_Indicator_FIN.XLSX","0ed67db23f2e2d6935fbf90d9e53277822c2a0d9693412dbe0c008e6afb123b2","24663","raw/2025Q2/KT 2Q25_Financial_Indicator_FIN.XLSX"
"ndr_2025Q2_10839","ndr","2025Q2","quarter","2025-08-11","2025년 2분기 국문 NDR 자료","프리젠테이션","https://corp.kt.com/attach/irdata/10839/2Q25_KT_NDR_PT_KOR_FIN.pdf","2Q25_KT_NDR_PT_KOR_FIN.pdf","7faef6d6e9bdabe01f7f29feec964bff6f2d79579e87afadd7b7863cec0ea36a","937625","raw/2025Q2/2Q25_KT_NDR_PT_KOR_FIN.pdf"
"dart_2025_11014_CFS","dart_financial","2025Q3","quarter","","2025 3분기보고서 (연결)","DART","https://dart.fss.or.kr/dsab007/main.do?corpCode=00190321","","","",""
"dart_2025_11014_OFS","dart_financial","2025Q3","quarter","","2025 3분기보고서 (별도)","DART","https://dart.fss.or.kr/dsab007/main.do?corpCode=00190321","","","",""
"financial_indicator_2025Q3_10852","financial_indicator","2025Q3","quarter","2025-11-07","2025 3Q Financial Indicator","재무 데이터","https://corp.kt.com/attach/irdata/10852/KT%203Q25_Financial_Indicator_F.XLSX","KT 3Q25_Financial_Indicator_F.XLSX","7c36f73f0ed0f0e9f2a0552c16354bb8243333457f6bb94b1592d351eca9862a","25586","raw/2025Q3/KT 3Q25_Financial_Indicator_F.XLSX"
"ndr_2025Q3_10851","ndr","2025Q3","quarter","2025-11-07","2025년 3분기 국문 NDR 자료","프리젠테이션","https://corp.kt.com/attach/irdata/10851/3Q25_KT_NDR_PT_KOR_F.pdf","3Q25_KT_NDR_PT_KOR_F.pdf","477f0d1dda753dfd97bd81fef7cb03ba9d4a1847931b2286c28a48168acb5e42","1134500","raw/2025Q3/3Q25_KT_NDR_PT_KOR_F.pdf"
"financial_indicator_2025Q4_10870","financial_indicator","2025Q4","quarter","2026-02-10","2025 4Q Financial Indicator","재무 데이터","https://corp.kt.com/attach/irdata/10870/KT%204Q25_Financial_Indicator_260209_FIN.XLSX","KT 4Q25_Financial_Indicator_260209_FIN.XLSX","25c46cfed7ee7677f1c4d246d615776f70c10ae7adcf5b4efab0f72f1806f03f","26936","raw/2025Q4/KT 4Q25_Financial_Indicator_260209_FIN.XLSX"
"ndr_2025Q4_10868","ndr","2025Q4","quarter","2026-02-10","2025년 4분기 국문 NDR 자료","프리젠테이션","https://corp.kt.com/attach/irdata/10868/4Q25_KT_NDR_PT_KOR_FFIN_%EC%97%85%EB%A1%9C%EB%93%9C%EC%9A%A9.pdf","4Q25_KT_NDR_PT_KOR_FFIN_업로드용.pdf","ef5317038d948422de90f926f861c3274f902b997dafa0433f99b3935c50cdc8","911221","raw/2025Q4/4Q25_KT_NDR_PT_KOR_FFIN_업로드용.pdf"
"factsheet_2026-01_10874","factsheet","2026-01","month","2026-02-25","IR Factsheet 2026, 1월호","가입자 현황","https://corp.kt.com/attach/irdata/10874/KT%20IR%20Factsheet_26.01.xlsx","KT IR Factsheet_26.01.xlsx","c731b910cb41a6c80afd343363465ae38915f8b03a05b99132cb7d07c8e9df93","397547","raw/2026-01/KT IR Factsheet_26.01.xlsx"
"factsheet_2026-02_10878","factsheet","2026-02","month","2026-03-24","IR Factsheet 2026, 2월호","가입자 현황","https://corp.kt.com/attach/irdata/10878/KT%20IR%20Factsheet_26.02.xlsx","KT IR Factsheet_26.02.xlsx","9e54b2f981cbfcd829a9173a725802e03590fb0ef4ccba3cf8594ecfdd1c92f4","397973","raw/2026-02/KT IR Factsheet_26.02.xlsx"
"factsheet_2026-03_10883","factsheet","2026-03","month","2026-05-12","IR Factsheet 2026, 3월호","가입자 현황","https://corp.kt.com/attach/irdata/10883/KT%20IR%20Factsheet_26.03.xlsx","KT IR Factsheet_26.03.xlsx","631ef552cd527c170b3b154cbf2127c99e694e46dbde154832210890f589c28b","398042","raw/2026-03/KT IR Factsheet_26.03.xlsx"
"factsheet_2026-04_10887","factsheet","2026-04","month","2026-06-08","IR Factsheet 2026, 4월호","가입자 현황","https://corp.kt.com/attach/irdata/10887/KT%20IR%20Factsheet_26.04.xlsx","KT IR Factsheet_26.04.xlsx","698db3f32c8ec7574b6e724ac6b1529c753916478bd51ec90809f75cb90847a5","398238","raw/2026-04/KT IR Factsheet_26.04.xlsx"
"factsheet_2026-05_10889","factsheet","2026-05","month","2026-06-25","IR Factsheet 2026, 5월호","가입자 현황","https://corp.kt.com/attach/irdata/10889/KT%20IR%20Factsheet_26.05.xlsx","KT IR Factsheet_26.05.xlsx","bd9b2412bb40fefeb65eebb63d924946cfd41b0b25778a44c4a7d50b9cfd2df1","398382","raw/2026-05/KT IR Factsheet_26.05.xlsx"
"factsheet_2026-06_10891","factsheet","2026-06","month","2026-08-12","IR Factsheet 2026, 6월호","가입자 현황","https://corp.kt.com/attach/irdata/10891/KT%20IR%20Factsheet_26.06.xlsx","KT IR Factsheet_26.06.xlsx","d697a9d4313123eaa2272f6eafafe2fdaede0ebd714ed0b8126391be5d36be3e","476378","raw/2026-06/KT IR Factsheet_26.06.xlsx"
"financial_indicator_2026Q1_10880","financial_indicator","2026Q1","quarter","2026-05-12","2026 1Q Financial Indicator","재무 데이터","https://corp.kt.com/attach/irdata/10880/KT%201Q26_Financial_Indicator_260511_FIN.xlsx","KT 1Q26_Financial_Indicator_260511_FIN.xlsx","2f2a3dd9c0eb579575deafa0b6d61e6c82180ee7bd4b4c5c52ab1c6202e68312","27307","raw/2026Q1/KT 1Q26_Financial_Indicator_260511_FIN.xlsx"
"ndr_2026Q1_10882","ndr","2026Q1","quarter","2026-05-12","2026년 1분기 국문 NDR 자료","프리젠테이션","https://corp.kt.com/attach/irdata/10882/1Q26_KT_NDR_PT_KOR_260512_FIN.pdf","1Q26_KT_NDR_PT_KOR_260512_FIN.pdf","43034653f80c664e25b3d21e5b5cfe7b892433cabe962ffbed83dfaa8a4a97ed","846746","raw/2026Q1/1Q26_KT_NDR_PT_KOR_260512_FIN.pdf"
"financial_indicator_2026Q2_10892","financial_indicator","2026Q2","quarter","2026-08-12","2026 2Q Financial Indicator","재무 데이터","https://corp.kt.com/attach/irdata/10892/KT%202Q26_Financial_Indicator.xlsx","KT 2Q26_Financial_Indicator.xlsx","27082358b96d7ca08875cfe9b9268fb9ca77902e24fb07164932909cc3d1d42c","28247","raw/2026Q2/KT 2Q26_Financial_Indicator.xlsx"
"ndr_2026Q2_10893","ndr","2026Q2","quarter","2026-08-12","2026년 2분기 국문 NDR 자료","프리젠테이션","https://corp.kt.com/attach/irdata/10893/2Q26_KT_NDR_PT_KOR_0811_FF.pdf","2Q26_KT_NDR_PT_KOR_0811_FF.pdf","ce1f5d4cbfdd31d692eafc321613ab0b920036ad63c0cd4cf4d940617be58364","1002945","raw/2026Q2/2Q26_KT_NDR_PT_KOR_0811_FF.pdf"
"presentation_20181Q18","presentation","2018-03-31","quarter_end","2018-05-01","KT ‘18년 1분기 실적발표","프리젠테이션","https://m.corp.kt.com/attach/record/2018/KT_ER_PT_1Q18_KOR_FIN.pdf","KT_ER_PT_1Q18_KOR_FIN.pdf","55c22d7637178a9abbac332b2d1c5110df98fb8a0b4e9539e9eb13886b04ab5e","1039862","raw/2018/KT_ER_PT_1Q18_KOR_FIN.pdf"
"presentation_20182Q18","presentation","2018-06-30","quarter_end","2018-08-01","KT ‘18년 2분기 실적발표","프리젠테이션","https://m.corp.kt.com/attach/record/2018/KT_ER_PT_2Q18_KOR_FIN.pdf","KT_ER_PT_2Q18_KOR_FIN.pdf","c667c0593e02502fc33f54bf4b21fe8586eb85921253ec7606236fbe8ea61705","1044296","raw/2018/KT_ER_PT_2Q18_KOR_FIN.pdf"
"presentation_20183Q18","presentation","2018-09-30","quarter_end","2018-11-01","KT ‘18년 3분기 실적발표","프리젠테이션","https://m.corp.kt.com/attach/record/2018/KT_ER_PT_3Q18_KOR%20Fin.pdf","KT_ER_PT_3Q18_KOR_Fin.pdf","a68fb9a2508b77d42100354d52e007ff742dfea1cb6dbb8d086da0c1c89ccd15","1044643","raw/2018/KT_ER_PT_3Q18_KOR_Fin.pdf"
"presentation_20184Q18","presentation","2018-12-31","quarter_end","2019-02-01","KT ‘18년 연간 실적발표","프리젠테이션","https://m.corp.kt.com/attach/record/2018/KT_ER_PT_4Q18_KOR_FIN.pdf","KT_ER_PT_4Q18_KOR_FIN.pdf","ee971321a72014a66fad5068a276fd8e4d4d13f9ad2cf8c80b6340eeca8bc9cf","1029366","raw/2018/KT_ER_PT_4Q18_KOR_FIN.pdf"
"presentation_20191Q19","presentation","2019-03-31","quarter_end","2019-05-01","KT 2019년 1분기 실적발표","프리젠테이션","https://m.corp.kt.com/attach/record/2019/KT_ER_PT_1Q19_KOR%20fin.pdf","KT_ER_PT_1Q19_KOR_fin.pdf","c707a05e94bc281e61b1e9e47f80293aafcbe1c45769f598937b04fc60f782cb","895042","raw/2019/KT_ER_PT_1Q19_KOR_fin.pdf"
"presentation_20192Q19","presentation","2019-06-30","quarter_end","2019-08-01","KT 2019년 2분기 실적발표","프리젠테이션","https://m.corp.kt.com/attach/record/2019/KT_ER_PT_2Q19_KOR%20F.pdf","KT_ER_PT_2Q19_KOR_F.pdf","c8a9cdf314db979edc69d43464a692e8f23ae449c1d19bba8ef5191b72080020","905543","raw/2019/KT_ER_PT_2Q19_KOR_F.pdf"
"presentation_20193Q19","presentation","2019-09-30","quarter_end","2019-11-01","KT 2019년 3분기 실적발표","프리젠테이션","https://m.corp.kt.com/attach/record/2019/KT_ER_PT_3Q19_KOR%20fin_v3.pdf","KT_ER_PT_3Q19_KOR_fin_v3.pdf","bbed8957ac106ca094ec36c2e42e899d585a876ea47606849145c547c84d62bf","940701","raw/2019/KT_ER_PT_3Q19_KOR_fin_v3.pdf"
"presentation_20194Q19","presentation","2019-12-31","quarter_end","2020-02-01","KT 2019년 연간 실적발표","프리젠테이션","https://m.corp.kt.com/attach/record/2019/KT%20ER%20PT%204Q19%20KOR%20fin.pdf","KT_ER_PT_4Q19_KOR_fin.pdf","e7e0fe8f01f2679c3eaa9aa9edc283f97e30ce9e461036560bf22aee7a625186","840277","raw/2019/KT_ER_PT_4Q19_KOR_fin.pdf"
"presentation_20201Q20","presentation","2020-03-31","quarter_end","2020-05-01","KT 2020년 1분기 실적발표","프리젠테이션","https://m.corp.kt.com/attach/record/2020/KT%20ER%20PT%201Q20%20KOR_F.pdf","KT_ER_PT_1Q20_KOR_F.pdf","5fc6e0e981b0b5bfdbb967d96a9844b994455b313bfe75f7eef14ba14f947fa6","811620","raw/2020/KT_ER_PT_1Q20_KOR_F.pdf"
"presentation_20202Q20","presentation","2020-06-30","quarter_end","2020-08-01","KT 2020년 2분기 실적발표","프리젠테이션","https://m.corp.kt.com/attach/record/2020/KT%20ER%20PT%202Q20%20KOR.pdf","KT_ER_PT_2Q20_KOR.pdf","83302b47abb4e24a077520707ff98de5bf75b7fc3b579ea29253cab9470ae299","845416","raw/2020/KT_ER_PT_2Q20_KOR.pdf"
"presentation_20203Q20","presentation","2020-09-30","quarter_end","2020-11-01","KT 2020년 3분기 실적발표","프리젠테이션","https://m.corp.kt.com/attach/record/2020/KT%20ER%20PT%203Q20%20KOR_FF.PDF","KT_ER_PT_3Q20_KOR_FF.PDF","43631b6594597075857c6c2cb2a25b7b1f09d90cdea737ffcc7dcdd9c5154746","1141061","raw/2020/KT_ER_PT_3Q20_KOR_FF.PDF"
"presentation_20204Q20","presentation","2020-12-31","quarter_end","2021-02-01","KT 2020년 연간 실적발표","프리젠테이션","https://m.corp.kt.com/attach/record/2020/KT%20ER%20PT%204Q20%20KOR_FIN.PDF","KT_ER_PT_4Q20_KOR_FIN.PDF","8fdc7ffb43ea8a4e42ae7bee15f38d2718c4ace50e7efc3999972a8dd0186025","1570650","raw/2020/KT_ER_PT_4Q20_KOR_FIN.PDF"
"presentation_20211Q21","presentation","2021-03-31","quarter_end","2021-05-01","KT 2021년 1분기 실적발표","프리젠테이션","https://m.corp.kt.com/attach/record/2021/KT%20ER%20PT%201Q21%20KOR_F.pdf","KT_ER_PT_1Q21_KOR_F.pdf","03d6b4a8049b3591b2cb7d8c035feaed9b533e6b48e79afcde534c26340738e5","1153602","raw/2021/KT_ER_PT_1Q21_KOR_F.pdf"
"presentation_20212Q21","presentation","2021-06-30","quarter_end","2021-08-01","KT 2021년 2분기 실적발표","프리젠테이션","https://m.corp.kt.com/attach/record/2021/KT%20ER%20PT%202Q21%20KOR_f.pdf","KT_ER_PT_2Q21_KOR_f.pdf","8f00f22e032b2a04d9f0ad56041d42c1f407eb86b3b7b388298bf53f0093a754","1085944","raw/2021/KT_ER_PT_2Q21_KOR_f.pdf"
"presentation_20213Q21","presentation","2021-09-30","quarter_end","2021-11-01","KT 2021년 3분기 실적발표","프리젠테이션","https://m.corp.kt.com/attach/record/2021/KT%20ER%20PT%203Q21%20KOR_FIN.PDF","KT_ER_PT_3Q21_KOR_FIN.PDF","e0b197b32b9ef4983ea622ddd1b52cca5ffba486f6363878c424172b760a8fd6","1097891","raw/2021/KT_ER_PT_3Q21_KOR_FIN.PDF"
"presentation_20214Q21","presentation","2021-12-31","quarter_end","2022-02-01","KT 2021년 연간 실적발표","프리젠테이션","https://m.corp.kt.com/attach/record/2021/KT%20ER%20PT%204Q21%20KOR_FFin.pdf","KT_ER_PT_4Q21_KOR_FFin.pdf","e077f8a0db1a72592ef3c8d53044eaba3c73652860b305b0ab2bc015660c84c6","1435460","raw/2021/KT_ER_PT_4Q21_KOR_FFin.pdf"
"presentation_20221Q22","presentation","2022-03-31","quarter_end","2022-05-01","KT 2022년 1분기 실적발표","프리젠테이션","https://m.corp.kt.com/attach/record/2022/KT%201Q22_ER%20PT_KOR_FFF.pdf","KT_1Q22_ER_PT_KOR_FFF.pdf","0b197ea360623494250d4635c7f44f11266a0b4bf23f34127e8c09872125a540","833540","raw/2022/KT_1Q22_ER_PT_KOR_FFF.pdf"
"presentation_20222Q22","presentation","2022-06-30","quarter_end","2022-08-01","KT 2022년 2분기 실적발표","프리젠테이션","https://m.corp.kt.com/attach/record/2022/KT%202Q22_ER%20PT_KOR_FIN.PDF","KT_2Q22_ER_PT_KOR_FIN.PDF","9086e3779d02bfd95aa9dc52c2a618008a8bf20284a01776128544adc50e9d9e","1179577","raw/2022/KT_2Q22_ER_PT_KOR_FIN.PDF"
"presentation_20223Q22","presentation","2022-09-30","quarter_end","2022-11-01","KT 2022년 3분기 실적발표","프리젠테이션","https://m.corp.kt.com/attach/record/2022/KT%203Q22_ER%20PT_KOR_FIN.PDF","KT_3Q22_ER_PT_KOR_FIN.PDF","919d5d7c7e99f5ff79129b755aba5e46711dc5c7b53f8a14b4c57773b6468e51","1175922","raw/2022/KT_3Q22_ER_PT_KOR_FIN.PDF"
"presentation_20224Q22","presentation","2022-12-31","quarter_end","2023-02-01","KT 2022년 연간 실적발표","프리젠테이션","https://m.corp.kt.com/attach/record/2022/KT%204Q22_ER%20PT_KOR_F.pdf","KT_4Q22_ER_PT_KOR_F.pdf","a1a8c2cc141decbb561445353ee4f6608dcb04e7453024b7deb13585e998b2fc","934169","raw/2022/KT_4Q22_ER_PT_KOR_F.pdf"
"presentation_20231Q23","presentation","2023-03-31","quarter_end","2023-05-01","KT 2023년 1분기 실적발표","프리젠테이션","https://m.corp.kt.com/attach/record/2023/KT%201Q23_ER%20PT_KOR_F.pdf","KT_1Q23_ER_PT_KOR_F.pdf","742efbb258d499b033e365a2782621d91461c831946347cf8fbd634304cb7d4e","1055789","raw/2023/KT_1Q23_ER_PT_KOR_F.pdf"
"presentation_20232Q23","presentation","2023-06-30","quarter_end","2023-08-01","KT 2023년 2분기 실적발표","프리젠테이션","https://m.corp.kt.com/attach/record/2023/KT%202Q23_ER%20PT_KOR_F.pdf","KT_2Q23_ER_PT_KOR_F.pdf","41cc158d351194470bbc80eea34688ded542495b4e2286cf25b34bac292228ed","694913","raw/2023/KT_2Q23_ER_PT_KOR_F.pdf"
"presentation_20233Q23","presentation","2023-09-30","quarter_end","2023-11-01","KT 2023년 3분기 실적발표","프리젠테이션","https://m.corp.kt.com/attach/record/2023/KT%203Q23_ER%20PT_KOR_F.pdf","KT_3Q23_ER_PT_KOR_F.pdf","42052f95e3e73822eeb52bcf8ebcc346413edcb436b26416636e4ecd3b569b99","742376","raw/2023/KT_3Q23_ER_PT_KOR_F.pdf"
"presentation_20234Q23","presentation","2023-12-31","quarter_end","2024-04-08","KT 2023년 연간 실적발표","프리젠테이션","https://m.corp.kt.com/attach/record/2023/4Q23_KT_ER_PT_KOR_(240408).pdf","4Q23_KT_ER_PT_KOR_(240408).pdf","f02c24f33bd30d1cc75f3eff46b8eb5118811a8042b24d8583759ae04484fb10","736806","raw/2023/4Q23_KT_ER_PT_KOR_(240408).pdf"
"presentation_20101Q2010","presentation","2010-03-31","quarter_end","2010-04-30","2010년 4월 30일 금요일","프리젠테이션","https://m.corp.kt.com/data/attach/207/cc2010_01.pdf","cc2010_01.pdf","2992abfa4b2cee088d6cad55fbf0e033e3653eabe58ea1f2b924f2617aea2f64","188842","raw/2010/cc2010_01.pdf"
"presentation_20102Q2010","presentation","2010-06-30","quarter_end","2010-07-30","2010년 7월 30일 금요일","프리젠테이션","https://m.corp.kt.com/data/attach/207/FY10_2Q_IR_Financial_Material_PRINT_PACK_Kor.pdf","FY10_2Q_IR_Financial_Material_PRINT_PACK_Kor.pdf","b26390d594622a0bd9296d00abab2d2ab3ede22d90820be48181b367a94638fc","188935","raw/2010/FY10_2Q_IR_Financial_Material_PRINT_PACK_Kor.pdf"
"presentation_20103Q2010","presentation","2010-09-30","quarter_end","2010-11-09","2010년 11월 9일 화요일","프리젠테이션","https://m.corp.kt.com/data/attach/207/FY10_3Q_IR_Financial_Material_PRINT_PACK_Kor_FIN.pdf","FY10_3Q_IR_Financial_Material_PRINT_PACK_Kor_FIN.pdf","8282e7cd73f9dfb73fb062cb1fa355ebec3a6dc82b2aebdd06ba7fc9dbecf058","173440","raw/2010/FY10_3Q_IR_Financial_Material_PRINT_PACK_Kor_FIN.pdf"
"presentation_20104Q2010","presentation","2010-12-31","quarter_end","2011-01-28","2011년 1월 28일 금요일","프리젠테이션","https://m.corp.kt.com/data/attach/207/FY10_4Q_IR_FM_PRINT_PACK_Kor.pdf","FY10_4Q_IR_FM_PRINT_PACK_Kor.pdf","e6ecc7a4398a0cc15876acf2ff78879f9a2760cf5e307b0e8927872b0a864edb","183034","raw/2010/FY10_4Q_IR_FM_PRINT_PACK_Kor.pdf"
"presentation_20113Q2011","presentation","2011-09-30","quarter_end","2011-11-01","KT","프리젠테이션","https://m.corp.kt.com/data/attach/207/kthp1320663199637.pdf","kthp1320663199637.pdf","53d4d11dc8f0276c44b6e0250d96e7b412b5dad18f417689101b3cd5e5ea6db0","601414","raw/2011/kthp1320663199637.pdf"
"presentation_20114Q2011","presentation","2011-12-31","quarter_end","2012-02-01","KT","프리젠테이션","https://m.corp.kt.com/data/attach/207/kthp1329719182992.pdf","kthp1329719182992.pdf","ed0ef9e4027d1c86238b149c4fc4ff23bf761b73d6139446f30b1cf9c0b4bdcc","673411","raw/2011/kthp1329719182992.pdf"
"presentation_20112Q2011","presentation","2011-06-30","quarter_end","2011-08-01","KT","프리젠테이션","https://m.corp.kt.com/data/attach/207/KT_FY11_2Q_Earnings_Kor_FIN.pdf","KT_FY11_2Q_Earnings_Kor_FIN.pdf","01a38cb7c55cac2155f284d628604e7c60276561708f7e0b8544d5f7a64cb428","664001","raw/2011/KT_FY11_2Q_Earnings_Kor_FIN.pdf"
"presentation_20122Q2012","presentation","2012-06-30","quarter_end","2012-08-03","kt","프리젠테이션","https://m.corp.kt.com/data/attach/207/kthp1343955927582.pdf","kthp1343955927582.pdf","14e3a0adcc2def2e2361155f51db4058e72ed76d25536598f6e8c2dd82567ab6","853093","raw/2012/kthp1343955927582.pdf"
"presentation_20124Q2012","presentation","2012-12-31","quarter_end","2013-02-01","2012년 연간 실적발표","프리젠테이션","https://m.corp.kt.com/data/attach/207/kthp1359677756139.pdf","kthp1359677756139.pdf","08a356f0e7503722987352e4031eb6216599aacea48202e63db8b54ab1d807fc","955590","raw/2012/kthp1359677756139.pdf"
"presentation_20111Q2011","presentation","2011-03-31","quarter_end","2011-05-01","KT","프리젠테이션","https://m.corp.kt.com/data/attach/207/kthp1325772162638.pdf","kthp1325772162638.pdf","ad2bd3625be2ccc16b015ffcc5b0a20cc0f2bb17585645ac2bd2c1d9094b42bd","615136","raw/2012/kthp1325772162638.pdf"
"presentation_20132Q2013","presentation","2013-06-30","quarter_end","2013-08-02","kt 2013년 2분기 실적발표","프리젠테이션","https://m.corp.kt.com/data/attach/207/kthp1375402192344.PDF","kthp1375402192344.PDF","ba13581d7dbc39be18430d187b94e504cc8714f6a27f18c6c68452ce4c55bbb3","739049","raw/2013/kthp1375402192344.PDF"
"presentation_20133Q2013","presentation","2013-09-30","quarter_end","2013-11-01","kt 2013년 3분기 실적발표","프리젠테이션","https://m.corp.kt.com/data/attach/207/kthp1383264718765.pdf","kthp1383264718765.pdf","5d7efc9960e6b1d90390a3c4913e9384c6ef6927642d2f6b33174cd4f253a913","890457","raw/2013/kthp1383264718765.pdf"
"presentation_20134Q2013","presentation","2013-12-31","quarter_end","2014-01-28","2013년 연간 실적발표","프리젠테이션","https://m.corp.kt.com/data/attach/207/kthp1390891219637.pdf","kthp1390891219637.pdf","438d425706da83099182774fecfb079b6943bc7876c96bee2b4b4c007b72044f","1054710","raw/2013/kthp1390891219637.pdf"
"presentation_20121Q2012","presentation","2012-03-31","quarter_end","2012-05-07","KT","프리젠테이션","https://m.corp.kt.com/data/attach/207/kthp1336358029271.pdf","kthp1336358029271.pdf","6398a5a47309f4941420865434f0745466d7f4e1e2db23aae66226aacf2c72da","547541","raw/2013/kthp1336358029271.pdf"
"presentation_20142Q2014","presentation","2014-06-30","quarter_end","2014-07-29","KT 2014년 2분기 실적발표","프리젠테이션","https://m.corp.kt.com/data/attach/207/kthp1406784512311.pdf","kthp1406784512311.pdf","31e2c508aba73cc9170c1fb2244688e5bccdf57e2f7da6b717ff1379693a81cc","845296","raw/2014/kthp1406784512311.pdf"
"presentation_20143Q2014","presentation","2014-09-30","quarter_end","2014-10-31","KT 2014년 3분기 실적발표","프리젠테이션","https://m.corp.kt.com/data/attach/207/kthp1414719459455.pdf","kthp1414719459455.pdf","61554e0bad9585f81297e880d152e6fac7ecdbbf3b38d30a5ddee45f9b93c71a","810278","raw/2014/kthp1414719459455.pdf"
"presentation_20144Q2014","presentation","2014-12-31","quarter_end","2015-01-30","KT 2014년 연간 실적발표","프리젠테이션","https://m.corp.kt.com/data/attach/207/kthp1422577758593.pdf","kthp1422577758593.pdf","3beb66118a7ac5d39421baba739c5fbc52ee4f96b4bc00d4e15b962eca725216","841795","raw/2014/kthp1422577758593.pdf"
"presentation_20131Q2013","presentation","2013-03-31","quarter_end","2013-05-03","kt 2013년 1분기 실적발표","프리젠테이션","https://m.corp.kt.com/data/attach/207/kthp1367540985693.pdf","kthp1367540985693.pdf","7c1194419a1f6e4e8cbdc478af50f36a90891124ebcc103832a927cae131e8b1","955358","raw/2014/kthp1367540985693.pdf"
"presentation_20152Q2015","presentation","2015-06-30","quarter_end","2015-07-31","KT 2015년 2분기 실적발표","프리젠테이션","https://m.corp.kt.com/data/attach/207/kthp1438324261876.pdf","kthp1438324261876.pdf","bf1c43c08ee1d7ff2086562d707b54ea39f42f87164c0de44ba46f193ddf79e0","715134","raw/2015/kthp1438324261876.pdf"
"presentation_20153Q2015","presentation","2015-09-30","quarter_end","2015-10-30","KT 2015년 3분기 실적발표","프리젠테이션","https://m.corp.kt.com/data/attach/207/kthp1446169894803.pdf","kthp1446169894803.pdf","370702bf9849a7f56ac6810ebad901783d06643d7903168cc20c58ecb36efd5b","726596","raw/2015/kthp1446169894803.pdf"
"presentation_20154Q2015","presentation","2015-12-31","quarter_end","2016-01-29","KT 2015년 연간 실적발표","프리젠테이션","https://m.corp.kt.com/data/attach/207/kthp1454041959092.pdf","kthp1454041959092.pdf","fa926c832501de25dae912e840baa460eb703c9717bd6ea844b993f9d3316379","726971","raw/2015/kthp1454041959092.pdf"
"presentation_20141Q2014","presentation","2014-03-31","quarter_end","2014-04-30","KT 2014년 1분기 실적발표","프리젠테이션","https://m.corp.kt.com/data/attach/207/kthp1400576802169.pdf","kthp1400576802169.pdf","5cf2eda8ebcb017750ecafa31d2cdd64f2d6984d00990a68331a3588563d938c","797641","raw/2015/kthp1400576802169.pdf"
"presentation_20162Q2016","presentation","2016-06-30","quarter_end","2016-07-29","KT 2016년 2분기 실적발표","프리젠테이션","https://m.corp.kt.com/data/attach/207/kthp1470900518594.pdf","kthp1470900518594.pdf","47d2faf55c389c7ae9eade94e5bdcb2bf2b340d943fbc64843be73d5a8fe3f29","716009","raw/2016/kthp1470900518594.pdf"
"presentation_20163Q2016","presentation","2016-09-30","quarter_end","2016-10-28","KT 2016년 3분기 실적발표","프리젠테이션","https://m.corp.kt.com/data/attach/207/kthp1477613725141.pdf","kthp1477613725141.pdf","f423ebeda60c670aa3f7404e2241180cfbba4d49c7858df750a10a6e5711c190","732042","raw/2016/kthp1477613725141.pdf"
"presentation_20164Q2016","presentation","2016-12-31","quarter_end","2017-02-01","KT 2016년 연간 실적발표","프리젠테이션","https://m.corp.kt.com/data/attach/207/kthp1485907077449.pdf","kthp1485907077449.pdf","c94be49fde60eaf58076a6da3648750bd14e6be1fa671a096732df235df4770d","777314","raw/2016/kthp1485907077449.pdf"
"presentation_20151Q2015","presentation","2015-03-31","quarter_end","2015-04-30","KT 2015년 1분기 실적발표","프리젠테이션","https://m.corp.kt.com/data/attach/207/kthp1430360578378.pdf","kthp1430360578378.pdf","8eb28d2af2fcf8b957f486d0a8518e52a38a25132db0f620403a4795816798e2","705241","raw/2016/kthp1430360578378.pdf"
"presentation_20171Q2017","presentation","2017-03-31","quarter_end","2017-04-28","KT 2017년 1분기 실적발표","프리젠테이션","https://m.corp.kt.com/data/attach/207/kthp1493332505128.pdf","kthp1493332505128.pdf","533b6c862701815f64a1eb316e53056cc695251a0e9cb1c4e96a7c0a1e26427c","736179","raw/2017/kthp1493332505128.pdf"
"presentation_20172Q2017","presentation","2017-06-30","quarter_end","2017-07-28","KT 2017년 2분기 실적발표","프리젠테이션","https://m.corp.kt.com/data/attach/207/kthp1501201134423.pdf","kthp1501201134423.pdf","2f73d8482d137951fc252f8055b88cd1e5b2964a0c791d6d3b158b07f70b0ce5","739891","raw/2017/kthp1501201134423.pdf"
"presentation_20161Q2016","presentation","2016-03-31","quarter_end","2016-04-29","KT 2016년 1분기 실적발표","프리젠테이션","https://m.corp.kt.com/data/attach/207/kthp1461892645980.pdf","kthp1461892645980.pdf","a6771832c84c0e1216b17974beca12d0ed88dca8bb06f5df9c6155c52317a43c","693982","raw/2017/kthp1461892645980.pdf"
"presentation_20174Q2017","presentation","2017-12-31","quarter_end","2018-02-01","KT 2017년 연간 실적발표","프리젠테이션","https://m.corp.kt.com/attach/record/2017/KT_ER_PT_4Q17_KOR_FN.pdf","KT_ER_PT_4Q17_KOR_FN.pdf","392e5e0018e6a50689a4ca93507669ccb2384d967b60106640362c90b5a20232","944169","raw/2017/KT_ER_PT_4Q17_KOR_FN.pdf"
